"id","detect","date","type","ind","size","turb","cobground","cobveg0_10","cobveg10_30","cobveg30_100","cobveg100_300","cobveg300_","temp","wind","pc1","pc2","pc3"
3,1,"24/01/2012","dog","d1",30,"t14",11.25,51.25,18,26.25,43.75,6,5.26,7,-2.3285,-0.82652,-0.99457
4,0,"24/01/2012","dog","d1",30,"t16",65,51.25,6.75,8,7.5,0,5.26,7,0.94243,-0.58966,1.51318
6,0,"24/01/2012","dog","d1",23,"t15",27.5,52.5,23.75,20.25,11.25,0.5,5.26,7,-0.75141,-1.10251,-0.40118
7,0,"24/01/2012","dog","d1",23,"t17",6.25,68.75,5.75,5.25,5.5,15,5.26,7,1.21681,-0.39014,-1.67783
8,0,"24/01/2012","dog","d1",23,"t24",47.5,51.25,9.25,7.75,23.75,3,5.26,7,0.2047,-0.64293,0.81415
9,1,"30/01/2012","dog","d1",21,"t20",13.25,21.25,9,21.25,6.75,17.5,3.78,11,-0.50766,1.09824,-1.04203
10,1,"30/01/2012","dog","d1",21,"t23",47.5,52.5,18.75,17.5,28.75,1.5,3.78,11,-0.97761,-0.99616,0.68532
11,1,"30/01/2012","dog","d1",21,"t27",4.5,68.75,17.5,6,1.25,8.75,3.78,11,0.94948,-1.01861,-1.69741
12,0,"30/01/2012","dog","d1",21,"t30",62.5,24.25,16.75,0,0,8.75,3.78,11,1.30814,0.36418,1.53829
13,1,"30/01/2012","dog","d1",34.5,"t20",13.25,21.25,9,21.25,6.75,17.5,3.78,11,-0.50766,1.09824,-1.04203
14,1,"30/01/2012","dog","d1",34.5,"t23",47.5,52.5,18.75,17.5,28.75,1.5,3.78,11,-0.97761,-0.99616,0.68532
15,1,"30/01/2012","dog","d1",34.5,"t24",47.5,51.25,9.25,7.75,23.75,3,3.78,11,0.2047,-0.64293,0.81415
16,0,"30/01/2012","dog","d1",34.5,"t30",62.5,24.25,16.75,0,0,8.75,3.78,11,1.30814,0.36418,1.53829
17,0,"03/02/2012","dog","d1",33,"t31",32.5,31.25,21.5,15.5,39.25,0.5,-4,32,-1.57595,-0.63486,0.46642
18,0,"03/02/2012","dog","d1",33,"t38",35,57.5,7.5,8,41.25,3.75,-4,32,-0.42449,-0.87062,0.33527
19,0,"03/02/2012","dog","d1",33,"t42",18.75,42.5,5,1.25,0,32.5,-4,32,1.63075,1.34733,-1.23241
20,0,"03/02/2012","dog","d1",48.5,"t31",32.5,31.25,21.5,15.5,39.25,0.5,-4,32,-1.57595,-0.63486,0.46642
21,0,"03/02/2012","dog","d1",48.5,"t33",6.25,29.5,28.25,11.25,32.5,12.5,-4,32,-1.28051,-0.1695,-1.01797
22,1,"03/02/2012","dog","d1",48.5,"t37",30.5,36.25,7.25,12.75,7.5,6.25,-4,32,0.31147,0.10616,-0.03801
23,1,"03/02/2012","dog","d1",48.5,"t38",35,57.5,7.5,8,41.25,3.75,-4,32,-0.42449,-0.87062,0.33527
24,1,"03/02/2012","dog","d1",48.5,"t41",22.5,66.25,0.75,0.25,2.5,6.25,-4,32,1.85792,-0.6218,-0.61985
25,1,"03/02/2012","dog","d1",48.5,"t42",18.75,42.5,5,1.25,0,32.5,-4,32,1.63075,1.34733,-1.23241
26,1,"07/02/2012","dog","d1",48.5,"t6",28.75,27.5,9.75,16.25,33.75,6.25,3.09,29,-1.10918,0.13246,0.19232
27,0,"07/02/2012","dog","d1",21,"t7",45,57.5,3.5,1.25,2.5,0,3.09,29,1.69648,-0.72758,0.62544
28,0,"07/02/2012","dog","d1",21,"t8",37.5,27.5,11.25,7.5,2.5,6.25,3.09,29,0.72537,0.26178,0.4019
29,1,"07/02/2012","dog","d1",34.5,"t7",45,57.5,3.5,1.25,2.5,0,3.09,29,1.69648,-0.72758,0.62544
30,0,"07/02/2012","dog","d1",34.5,"t9",68.75,13,20.5,3,7.5,6.75,3.09,29,0.60683,0.45576,2.0273
31,1,"14/02/2012","dog","d1",33,"t13",58.75,23.75,9.25,7,2.5,13.75,0.75,25,0.91098,0.86667,1.19806
32,1,"14/02/2012","dog","d1",33,"t16",65,51.25,6.75,8,7.5,0,0.75,25,0.94243,-0.58966,1.51318
33,1,"14/02/2012","dog","d1",33,"t18",62.5,13.75,3.5,3.75,2.5,17.5,0.75,25,1.25793,1.49777,1.47775
34,1,"14/02/2012","dog","d1",66.5,"t12",42.5,17.5,12,17,30,17.5,0.75,25,-1.0712,1.01233,0.56655
35,1,"14/02/2012","dog","d1",66.5,"t17",6.25,68.75,5.75,5.25,5.5,15,0.75,25,1.21681,-0.39014,-1.67783
36,1,"14/02/2012","dog","d1",66.5,"t18",62.5,13.75,3.5,3.75,2.5,17.5,0.75,25,1.25793,1.49777,1.47775
37,1,"14/02/2012","dog","d1",48.5,"t12",42.5,17.5,12,17,30,17.5,0.75,25,-1.0712,1.01233,0.56655
38,1,"14/02/2012","dog","d1",48.5,"t16",65,51.25,6.75,8,7.5,0,0.75,25,0.94243,-0.58966,1.51318
39,1,"14/02/2012","dog","d1",48.5,"t19",6.75,20,4.25,9.25,34.25,20,0.75,25,-0.55918,1.13784,-0.89902
40,1,"22/02/2012","dog","d1",69,"t22",60,52.5,10.5,16.5,37.5,0.75,2.81,11,-0.94647,-0.8439,1.39535
41,1,"22/02/2012","dog","d3",69,"t21",42.5,40,13,7.25,6.75,2,2.81,11,0.65101,-0.38493,0.60084
42,1,"22/02/2012","dog","d3",69,"t26",13.75,75,16.25,21.25,22.5,0.5,2.81,11,-0.89022,-1.63079,-1.18049
43,1,"22/02/2012","dog","d3",69,"t39",30.75,42.25,23,2.25,0,3.75,2.81,11,0.96587,-0.64116,-0.03006
44,0,"22/02/2012","dog","d1",21.5,"t22",60,52.5,10.5,16.5,37.5,0.75,2.81,11,-0.94647,-0.8439,1.39535
45,1,"22/02/2012","dog","d1",21.5,"t22",60,52.5,10.5,16.5,37.5,0.75,2.81,11,-0.94647,-0.8439,1.39535
46,0,"22/02/2012","dog","d1",21.5,"t28",20.75,41.25,19.75,0.5,4.25,10.5,2.81,11,1.00253,-0.2229,-0.55238
47,1,"22/02/2012","dog","d3",21.5,"t21",42.5,40,13,7.25,6.75,2,2.81,11,0.65101,-0.38493,0.60084
48,0,"22/02/2012","dog","d3",21.5,"t26",13.75,75,16.25,21.25,22.5,0.5,2.81,11,-0.89022,-1.63079,-1.18049
49,1,"22/02/2012","dog","d3",21.5,"t39",30.75,42.25,23,2.25,0,3.75,2.81,11,0.96587,-0.64116,-0.03006
50,1,"22/02/2012","dog","d1",87.5,"t20",13.25,21.25,9,21.25,6.75,17.5,2.81,11,-0.50766,1.09824,-1.04203
51,1,"22/02/2012","dog","d1",87.5,"t28",20.75,41.25,19.75,0.5,4.25,10.5,2.81,11,1.00253,-0.2229,-0.55238
52,1,"22/02/2012","dog","d1",87.5,"t40",10,87.5,15,7.25,0.25,0,2.81,11,1.12797,-1.92203,-1.49285
53,1,"22/02/2012","dog","d3",87.5,"t23",47.5,52.5,18.75,17.5,28.75,1.5,2.81,11,-0.97761,-0.99616,0.68532
54,1,"22/02/2012","dog","d1",42.5,"t20",13.25,21.25,9,21.25,6.75,17.5,2.81,11,-0.50766,1.09824,-1.04203
55,1,"22/02/2012","dog","d1",42.5,"t28",20.75,41.25,19.75,0.5,4.25,10.5,2.81,11,1.00253,-0.2229,-0.55238
56,1,"22/02/2012","dog","d3",42.5,"t23",47.5,52.5,18.75,17.5,28.75,1.5,2.81,11,-0.97761,-0.99616,0.68532
57,1,"06/03/2012","dog","d1",56,"t31",32.5,31.25,21.5,15.5,39.25,0.5,5.16,22,-1.57595,-0.63486,0.46642
58,1,"06/03/2012","dog","d3",56,"t38",35,57.5,7.5,8,41.25,3.75,5.16,22,-0.42449,-0.87062,0.33527
59,0,"06/03/2012","dog","d1",23,"t32",18.25,27,13.5,1.25,5,47.5,5.16,22,1.11215,2.31924,-1.44372
60,0,"06/03/2012","dog","d3",23,"t33",6.25,29.5,28.25,11.25,32.5,12.5,5.16,22,-1.28051,-0.1695,-1.01797
61,1,"06/03/2012","dog","d1",48.5,"t31",32.5,31.25,21.5,15.5,39.25,0.5,5.16,22,-1.57595,-0.63486,0.46642
62,1,"06/03/2012","dog","d1",48.5,"t32",18.25,27,13.5,1.25,5,47.5,5.16,22,1.11215,2.31924,-1.44372
63,1,"06/03/2012","dog","d3",48.5,"t33",6.25,29.5,28.25,11.25,32.5,12.5,5.16,22,-1.28051,-0.1695,-1.01797
64,1,"06/03/2012","dog","d3",48.5,"t38",35,57.5,7.5,8,41.25,3.75,5.16,22,-0.42449,-0.87062,0.33527
65,1,"09/03/2012","dog","d1",56,"t2",41.25,43.75,16.75,9.5,25,5.5,5.29,11,-0.2758,-0.51513,0.52214
66,0,"09/03/2012","dog","d1",56,"t3",4.5,68.75,17.5,6,1.25,8.75,5.29,11,0.94948,-1.01861,-1.69741
67,1,"09/03/2012","dog","d3",56,"t6",28.75,27.5,9.75,16.25,33.75,6.25,5.29,11,-1.10918,0.13246,0.19232
68,0,"09/03/2012","dog","d1",28,"t3",4.5,68.75,17.5,6,1.25,8.75,5.29,11,0.94948,-1.01861,-1.69741
69,0,"09/03/2012","dog","d3",28,"t6",28.75,27.5,9.75,16.25,33.75,6.25,5.29,11,-1.10918,0.13246,0.19232
70,1,"09/03/2012","dog","d1",41,"t2",41.25,43.75,16.75,9.5,25,5.5,5.29,11,-0.2758,-0.51513,0.52214
71,1,"09/03/2012","dog","d1",34.5,"t7",45,57.5,3.5,1.25,2.5,0,5.29,11,1.69648,-0.72758,0.62544
72,1,"09/03/2012","dog","d3",34.5,"t1",52.5,23.25,13.75,18,1.75,12.5,5.29,11,-0.04293,0.74425,0.76299
73,1,"09/03/2012","dog","d3",34.5,"t4",38,40,11,0.25,4.25,5,5.29,11,1.31546,-0.20367,0.41781
74,0,"13/03/2012","dog","d1",28.5,"t17",6.25,68.75,5.75,5.25,5.5,15,10.63,11,1.21681,-0.39014,-1.67783
75,1,"13/03/2012","dog","d3",28.5,"t19",6.75,20,4.25,9.25,34.25,20,10.63,11,-0.55918,1.13784,-0.89902
76,0,"13/03/2012","dog","d1",56,"t12",42.5,17.5,12,17,30,17.5,10.63,11,-1.0712,1.01233,0.56655
77,1,"13/03/2012","dog","d3",56,"t16",65,51.25,6.75,8,7.5,0,10.63,11,0.94243,-0.58966,1.51318
78,1,"13/03/2012","dog","d1",33.5,"t12",42.5,17.5,12,17,30,17.5,10.63,11,-1.0712,1.01233,0.56655
79,1,"13/03/2012","dog","d1",33.5,"t17",6.25,68.75,5.75,5.25,5.5,15,10.63,11,1.21681,-0.39014,-1.67783
80,1,"13/03/2012","dog","d1",33.5,"t18",62.5,13.75,3.5,3.75,2.5,17.5,10.63,11,1.25793,1.49777,1.47775
81,1,"13/03/2012","dog","d3",30,"t13",58.75,23.75,9.25,7,2.5,13.75,10.63,11,0.91098,0.86667,1.19806
82,1,"13/03/2012","dog","d1",28,"t17",6.25,68.75,5.75,5.25,5.5,15,10.63,11,1.21681,-0.39014,-1.67783
83,1,"13/03/2012","dog","d3",28,"t13",58.75,23.75,9.25,7,2.5,13.75,10.63,11,0.91098,0.86667,1.19806
84,0,"13/03/2012","dog","d3",28,"t19",6.75,20,4.25,9.25,34.25,20,10.63,11,-0.55918,1.13784,-0.89902
85,0,"13/03/2012","dog","d1",41,"t12",42.5,17.5,12,17,30,17.5,10.63,11,-1.0712,1.01233,0.56655
86,1,"13/03/2012","dog","d3",41,"t16",65,51.25,6.75,8,7.5,0,10.63,11,0.94243,-0.58966,1.51318
87,1,"23/03/2012","dog","d1",33,"t27",4.5,68.75,17.5,6,1.25,8.75,7.86,22,0.94948,-1.01861,-1.69741
88,0,"23/03/2012","dog","d3",33,"t21",42.5,40,13,7.25,6.75,2,7.86,22,0.65101,-0.38493,0.60084
89,0,"23/03/2012","dog","d3",33,"t26",13.75,75,16.25,21.25,22.5,0.5,7.86,22,-0.89022,-1.63079,-1.18049
90,1,"23/03/2012","dog","d1",21.5,"t27",4.5,68.75,17.5,6,1.25,8.75,7.86,22,0.94948,-1.01861,-1.69741
91,1,"23/03/2012","dog","d1",21.5,"t28",20.75,41.25,19.75,0.5,4.25,10.5,7.86,22,1.00253,-0.2229,-0.55238
92,1,"23/03/2012","dog","d3",21.5,"t21",42.5,40,13,7.25,6.75,2,7.86,22,0.65101,-0.38493,0.60084
93,1,"23/03/2012","dog","d1",28,"t20",13.25,21.25,9,21.25,6.75,17.5,7.86,22,-0.50766,1.09824,-1.04203
94,1,"23/03/2012","dog","d1",28,"t28",20.75,41.25,19.75,0.5,4.25,10.5,7.86,22,1.00253,-0.2229,-0.55238
95,1,"23/03/2012","dog","d3",28,"t24",47.5,51.25,9.25,7.75,23.75,3,7.86,22,0.2047,-0.64293,0.81415
96,1,"23/03/2012","dog","d1",26.5,"t20",13.25,21.25,9,21.25,6.75,17.5,7.86,22,-0.50766,1.09824,-1.04203
97,1,"23/03/2012","dog","d3",26.5,"t24",47.5,51.25,9.25,7.75,23.75,3,7.86,22,0.2047,-0.64293,0.81415
98,1,"23/03/2012","dog","d3",26.5,"t26",13.75,75,16.25,21.25,22.5,0.5,7.86,22,-0.89022,-1.63079,-1.18049
99,1,"30/03/2012","dog","d1",33,"t34",29.5,14.5,1.25,26.25,28.75,20,9.85,18,-1.47262,1.55839,-0.13146
100,1,"30/03/2012","dog","d3",33,"t33",6.25,29.5,28.25,11.25,32.5,12.5,9.85,18,-1.28051,-0.1695,-1.01797
101,1,"30/03/2012","dog","d3",33,"t36",18.25,18,9,12,10.75,33.75,9.85,18,0.08563,1.98917,-1.03635
102,1,"30/03/2012","dog","d1",38,"t31",32.5,31.25,21.5,15.5,39.25,0.5,9.85,18,-1.57595,-0.63486,0.46642
103,1,"30/03/2012","dog","d3",38,"t35",12,75,5.25,13.75,4.5,3.75,9.85,18,0.67544,-1.08577,-1.34647
104,1,"30/03/2012","dog","d3",38,"t36",18.25,18,9,12,10.75,33.75,9.85,18,0.08563,1.98917,-1.03635
105,0,"30/03/2012","dog","d3",21.5,"t33",6.25,29.5,28.25,11.25,32.5,12.5,9.85,18,-1.28051,-0.1695,-1.01797
106,1,"30/03/2012","dog","d1",28,"t31",32.5,31.25,21.5,15.5,39.25,0.5,9.85,18,-1.57595,-0.63486,0.46642
107,1,"30/03/2012","dog","d1",28,"t34",29.5,14.5,1.25,26.25,28.75,20,9.85,18,-1.47262,1.55839,-0.13146
108,1,"30/03/2012","dog","d3",28,"t36",18.25,18,9,12,10.75,33.75,9.85,18,0.08563,1.98917,-1.03635
109,0,"30/03/2012","dog","d1",26.5,"t31",32.5,31.25,21.5,15.5,39.25,0.5,9.85,18,-1.57595,-0.63486,0.46642
110,1,"30/03/2012","dog","d1",26.5,"t32",18.25,27,13.5,1.25,5,47.5,9.85,18,1.11215,2.31924,-1.44372
111,1,"30/03/2012","dog","d1",26.5,"t34",29.5,14.5,1.25,26.25,28.75,20,9.85,18,-1.47262,1.55839,-0.13146
112,1,"30/03/2012","dog","d1",34.5,"t32",18.25,27,13.5,1.25,5,47.5,9.85,18,1.11215,2.31924,-1.44372
113,1,"30/03/2012","dog","d3",34.5,"t33",6.25,29.5,28.25,11.25,32.5,12.5,9.85,18,-1.28051,-0.1695,-1.01797
114,1,"30/03/2012","dog","d3",34.5,"t35",12,75,5.25,13.75,4.5,3.75,9.85,18,0.67544,-1.08577,-1.34647
115,1,"04/04/2012","dog","d3",28.5,"t10",35,23.75,6.75,6.75,0.75,0,9.38,18,0.90573,0.16007,0.53131
116,1,"04/04/2012","dog","d3",38,"t11",18.25,35,16.75,15.75,11.75,11.25,9.38,18,-0.392,0.10978,-0.74705
117,1,"04/04/2012","dog","d3",56,"t8",37.5,27.5,11.25,7.5,2.5,6.25,9.38,18,0.72537,0.26178,0.4019
118,1,"04/04/2012","dog","d3",28,"t10",35,23.75,6.75,6.75,0.75,0,9.38,18,0.90573,0.16007,0.53131
119,0,"04/04/2012","dog","d3",48.5,"t10",35,23.75,6.75,6.75,0.75,0,9.38,18,0.90573,0.16007,0.53131
120,1,"04/04/2012","dog","d3",48.5,"t11",18.25,35,16.75,15.75,11.75,11.25,9.38,18,-0.392,0.10978,-0.74705
121,1,"04/04/2012","dog","d1",41,"t8",37.5,27.5,11.25,7.5,2.5,6.25,9.38,18,0.72537,0.26178,0.4019
122,1,"04/04/2012","dog","d3",34.5,"t11",18.25,35,16.75,15.75,11.75,11.25,9.38,18,-0.392,0.10978,-0.74705
123,1,"13/04/2012","dog","d1",33.5,"t16",65,51.25,6.75,8,7.5,0,7.28,29,0.94243,-0.58966,1.51318
124,1,"13/04/2012","dog","d1",33.5,"t17",6.25,68.75,5.75,5.25,5.5,15,7.28,29,1.21681,-0.39014,-1.67783
125,1,"13/04/2012","dog","d3",33.5,"t12",42.5,17.5,12,17,30,17.5,7.28,29,-1.0712,1.01233,0.56655
126,1,"13/04/2012","dog","d3",33.5,"t12",42.5,17.5,12,17,30,17.5,7.28,29,-1.0712,1.01233,0.56655
127,1,"13/04/2012","dog","d1",30,"t18",62.5,13.75,3.5,3.75,2.5,17.5,7.28,29,1.25793,1.49777,1.47775
128,1,"13/04/2012","dog","d3",30,"t19",6.75,20,4.25,9.25,34.25,20,7.28,29,-0.55918,1.13784,-0.89902
129,1,"13/04/2012","dog","d1",30,"t13",58.75,23.75,9.25,7,2.5,13.75,7.28,29,0.91098,0.86667,1.19806
130,0,"13/04/2012","dog","d1",30,"t16",65,51.25,6.75,8,7.5,0,7.28,29,0.94243,-0.58966,1.51318
131,0,"13/04/2012","dog","d3",30,"t9",68.75,13,20.5,3,7.5,6.75,7.28,29,0.60683,0.45576,2.0273
132,1,"13/04/2012","dog","d3",30,"t19",6.75,20,4.25,9.25,34.25,20,7.28,29,-0.55918,1.13784,-0.89902
133,0,"17/04/2012","dog","d1",24.3,"t22",60,52.5,10.5,16.5,37.5,0.75,6.97,25,-0.94647,-0.8439,1.39535
134,1,"17/04/2012","dog","d3",24.3,"t21",42.5,40,13,7.25,6.75,2,6.97,25,0.65101,-0.38493,0.60084
135,1,"17/04/2012","dog","d1",40,"t20",13.25,21.25,9,21.25,6.75,17.5,6.97,25,-0.50766,1.09824,-1.04203
136,0,"17/04/2012","dog","d3",40,"t23",47.5,52.5,18.75,17.5,28.75,1.5,6.97,25,-0.97761,-0.99616,0.68532
137,0,"17/04/2012","dog","d3",23,"t21",42.5,40,13,7.25,6.75,2,6.97,25,0.65101,-0.38493,0.60084
138,0,"17/04/2012","dog","d1",48.5,"t20",13.25,21.25,9,21.25,6.75,17.5,6.97,25,-0.50766,1.09824,-1.04203
139,0,"17/04/2012","dog","d3",48.5,"t23",47.5,52.5,18.75,17.5,28.75,1.5,6.97,25,-0.97761,-0.99616,0.68532
140,0,"17/04/2012","dog","d3",21,"t23",47.5,52.5,18.75,17.5,28.75,1.5,6.97,25,-0.97761,-0.99616,0.68532
141,1,"19/04/2012","dog","d1",40,"t34",29.5,14.5,1.25,26.25,28.75,20,7.68,43,-1.47262,1.55839,-0.13146
142,1,"19/04/2012","dog","d3",40,"t33",6.25,29.5,28.25,11.25,32.5,12.5,7.68,43,-1.28051,-0.1695,-1.01797
143,1,"19/04/2012","dog","d3",40,"t38",35,57.5,7.5,8,41.25,3.75,7.68,43,-0.42449,-0.87062,0.33527
144,0,"19/04/2012","dog","d1",48.5,"t31",32.5,31.25,21.5,15.5,39.25,0.5,7.68,43,-1.57595,-0.63486,0.46642
145,0,"19/04/2012","dog","d1",48.5,"t34",29.5,14.5,1.25,26.25,28.75,20,7.68,43,-1.47262,1.55839,-0.13146
146,1,"19/04/2012","dog","d1",48.5,"t37",30.5,36.25,7.25,12.75,7.5,6.25,7.68,43,0.31147,0.10616,-0.03801
147,1,"19/04/2012","dog","d3",48.5,"t33",6.25,29.5,28.25,11.25,32.5,12.5,7.68,43,-1.28051,-0.1695,-1.01797
148,0,"19/04/2012","dog","d3",48.5,"t35",12,75,5.25,13.75,4.5,3.75,7.68,43,0.67544,-1.08577,-1.34647
149,1,"19/04/2012","dog","d3",48.5,"t38",35,57.5,7.5,8,41.25,3.75,7.68,43,-0.42449,-0.87062,0.33527
150,1,"19/04/2012","dog","d1",21,"t31",32.5,31.25,21.5,15.5,39.25,0.5,7.68,43,-1.57595,-0.63486,0.46642
151,0,"19/04/2012","dog","d3",21,"t35",12,75,5.25,13.75,4.5,3.75,7.68,43,0.67544,-1.08577,-1.34647
152,0,"19/04/2012","dog","d3",21,"t38",35,57.5,7.5,8,41.25,3.75,7.68,43,-0.42449,-0.87062,0.33527
153,1,"19/04/2012","dog","d1",26,"t34",29.5,14.5,1.25,26.25,28.75,20,7.68,43,-1.47262,1.55839,-0.13146
154,1,"19/04/2012","dog","d1",26,"t37",30.5,36.25,7.25,12.75,7.5,6.25,7.68,43,0.31147,0.10616,-0.03801
155,1,"19/04/2012","dog","d3",26,"t33",6.25,29.5,28.25,11.25,32.5,12.5,7.68,43,-1.28051,-0.1695,-1.01797
156,0,"04/05/2012","dog","d1",24.3,"t4",38,40,11,0.25,4.25,5,10.47,29,1.31546,-0.20367,0.41781
157,1,"04/05/2012","dog","d3",24.3,"t6",28.75,27.5,9.75,16.25,33.75,6.25,10.47,29,-1.10918,0.13246,0.19232
158,1,"04/05/2012","dog","d1",39.5,"t7",45,57.5,3.5,1.25,2.5,0,10.47,29,1.69648,-0.72758,0.62544
159,1,"04/05/2012","dog","d3",39.5,"t5",52.5,16.25,15,8.25,12,40,10.47,29,0.30369,2.25278,0.35772
160,0,"04/05/2012","dog","d1",45,"t4",38,40,11,0.25,4.25,5,10.47,29,1.31546,-0.20367,0.41781
161,1,"04/05/2012","dog","d1",45,"t7",45,57.5,3.5,1.25,2.5,0,10.47,29,1.69648,-0.72758,0.62544
162,1,"04/05/2012","dog","d3",45,"t5",52.5,16.25,15,8.25,12,40,10.47,29,0.30369,2.25278,0.35772
163,1,"04/05/2012","dog","d3",45,"t6",28.75,27.5,9.75,16.25,33.75,6.25,10.47,29,-1.10918,0.13246,0.19232
164,1,"11/05/2012","dog","d1",28,"t17",6.25,68.75,5.75,5.25,5.5,15,20.6,14,1.21681,-0.39014,-1.67783
165,1,"11/05/2012","dog","d1",28,"t24",47.5,51.25,9.25,7.75,23.75,3,20.6,14,0.2047,-0.64293,0.81415
166,1,"11/05/2012","dog","d1",28,"t26",13.75,75,16.25,21.25,22.5,0.5,20.6,14,-0.89022,-1.63079,-1.18049
167,1,"11/05/2012","dog","d3",28,"t18",62.5,13.75,3.5,3.75,2.5,17.5,20.6,14,1.25793,1.49777,1.47775
168,0,"11/05/2012","dog","d3",28,"t27",4.5,68.75,17.5,6,1.25,8.75,20.6,14,0.94948,-1.01861,-1.69741
169,1,"11/05/2012","dog","d1",51,"t24",47.5,51.25,9.25,7.75,23.75,3,20.6,14,0.2047,-0.64293,0.81415
170,1,"11/05/2012","dog","d3",51,"t16",65,51.25,6.75,8,7.5,0,20.6,14,0.94243,-0.58966,1.51318
171,1,"11/05/2012","dog","d3",51,"t18",62.5,13.75,3.5,3.75,2.5,17.5,20.6,14,1.25793,1.49777,1.47775
172,1,"11/05/2012","dog","d3",51,"t25",13.75,75,16.25,21.25,22.5,0.5,20.6,14,-0.89022,-1.63079,-1.18049
173,1,"11/05/2012","dog","d3",51,"t27",4.5,68.75,17.5,6,1.25,8.75,20.6,14,0.94948,-1.01861,-1.69741
174,1,"17/05/2012","dog","d1",48.5,"t31",32.5,31.25,21.5,15.5,39.25,0.5,20.39,18,-1.57595,-0.63486,0.46642
175,1,"17/05/2012","dog","d1",48.5,"t31",32.5,31.25,21.5,15.5,39.25,0.5,20.39,18,-1.57595,-0.63486,0.46642
176,0,"17/05/2012","dog","d1",48.5,"t37",30.5,36.25,7.25,12.75,7.5,6.25,20.39,18,0.31147,0.10616,-0.03801
177,0,"17/05/2012","dog","d1",48.5,"t41",22.5,66.25,0.75,0.25,2.5,6.25,20.39,18,1.85792,-0.6218,-0.61985
178,0,"17/05/2012","dog","d1",48.5,"t41",22.5,66.25,0.75,0.25,2.5,6.25,20.39,18,1.85792,-0.6218,-0.61985
179,0,"17/05/2012","dog","d3",48.5,"t33",6.25,29.5,28.25,11.25,32.5,12.5,20.39,18,-1.28051,-0.1695,-1.01797
180,1,"17/05/2012","dog","d3",48.5,"t38",35,57.5,7.5,8,41.25,3.75,20.39,18,-0.42449,-0.87062,0.33527
181,1,"17/05/2012","dog","d3",48.5,"t38",35,57.5,7.5,8,41.25,3.75,20.39,18,-0.42449,-0.87062,0.33527
182,1,"17/05/2012","dog","d3",48.5,"t42",18.75,42.5,5,1.25,0,32.5,20.39,18,1.63075,1.34733,-1.23241
183,1,"31/05/2012","dog","d1",57,"t20",13.25,21.25,9,21.25,6.75,17.5,21.39,22,-0.50766,1.09824,-1.04203
184,1,"31/05/2012","dog","d1",57,"t30",62.5,24.25,16.75,0,0,8.75,21.39,22,1.30814,0.36418,1.53829
185,1,"31/05/2012","dog","d3",57,"t23",47.5,52.5,18.75,17.5,28.75,1.5,21.39,22,-0.97761,-0.99616,0.68532
186,1,"31/05/2012","dog","d3",57,"t39",30.75,42.25,23,2.25,0,3.75,21.39,22,0.96587,-0.64116,-0.03006
187,1,"31/05/2012","dog","d1",23,"t22",60,52.5,10.5,16.5,37.5,0.75,21.39,22,-0.94647,-0.8439,1.39535
188,1,"31/05/2012","dog","d1",23,"t30",62.5,24.25,16.75,0,0,8.75,21.39,22,1.30814,0.36418,1.53829
189,1,"31/05/2012","dog","d3",23,"t21",42.5,40,13,7.25,6.75,2,21.39,22,0.65101,-0.38493,0.60084
190,1,"31/05/2012","dog","d3",23,"t39",30.75,42.25,23,2.25,0,3.75,21.39,22,0.96587,-0.64116,-0.03006
191,0,"31/05/2012","dog","d1",45,"t20",13.25,21.25,9,21.25,6.75,17.5,21.39,22,-0.50766,1.09824,-1.04203
192,0,"31/05/2012","dog","d1",45,"t40",10,87.5,15,7.25,0.25,0,21.39,22,1.12797,-1.92203,-1.49285
193,0,"31/05/2012","dog","d3",45,"t23",47.5,52.5,18.75,17.5,28.75,1.5,21.39,22,-0.97761,-0.99616,0.68532
194,1,"31/05/2012","dog","d3",45,"t29",11.25,62.5,21.25,17.5,13.5,0.25,21.39,22,-0.54154,-1.3963,-1.16556
195,1,"04/06/2012","dog","d1",57,"t2",41.25,43.75,16.75,9.5,25,5.5,21.03,14,-0.2758,-0.51513,0.52214
196,1,"04/06/2012","dog","d3",57,"t5",52.5,16.25,15,8.25,12,40,21.03,14,0.30369,2.25278,0.35772
197,1,"04/06/2012","dog","d1",23,"t4",38,40,11,0.25,4.25,5,21.03,14,1.31546,-0.20367,0.41781
198,1,"04/06/2012","dog","d3",23,"t1",52.5,23.25,13.75,18,1.75,12.5,21.03,14,-0.04293,0.74425,0.76299
199,1,"04/06/2012","dog","d3",23,"t6",28.75,27.5,9.75,16.25,33.75,6.25,21.03,14,-1.10918,0.13246,0.19232
200,1,"04/06/2012","dog","d3",23,"t9",68.75,13,20.5,3,7.5,6.75,21.03,14,0.60683,0.45576,2.0273
201,0,"04/06/2012","dog","d1",45,"t2",41.25,43.75,16.75,9.5,25,5.5,21.03,14,-0.2758,-0.51513,0.52214
202,0,"04/06/2012","dog","d1",45,"t4",38,40,11,0.25,4.25,5,21.03,14,1.31546,-0.20367,0.41781
203,1,"04/06/2012","dog","d3",45,"t1",52.5,23.25,13.75,18,1.75,12.5,21.03,14,-0.04293,0.74425,0.76299
204,0,"04/06/2012","dog","d3",45,"t5",52.5,16.25,15,8.25,12,40,21.03,14,0.30369,2.25278,0.35772
205,1,"04/06/2012","dog","d3",45,"t6",28.75,27.5,9.75,16.25,33.75,6.25,21.03,14,-1.10918,0.13246,0.19232
206,0,"04/06/2012","dog","d3",45,"t9",68.75,13,20.5,3,7.5,6.75,21.03,14,0.60683,0.45576,2.0273
207,1,"22/06/2012","dog","d1",40,"t13",58.75,23.75,9.25,7,2.5,13.75,23.18,18,0.91098,0.86667,1.19806
208,1,"22/06/2012","dog","d1",40,"t18",62.5,13.75,3.5,3.75,2.5,17.5,23.18,18,1.25793,1.49777,1.47775
209,1,"22/06/2012","dog","d3",40,"t17",6.25,68.75,5.75,5.25,5.5,15,23.18,18,1.21681,-0.39014,-1.67783
210,1,"22/06/2012","dog","d3",40,"t24",47.5,51.25,9.25,7.75,23.75,3,23.18,18,0.2047,-0.64293,0.81415
211,0,"22/06/2012","dog","d1",66.5,"t16",65,51.25,6.75,8,7.5,0,23.18,18,0.94243,-0.58966,1.51318
212,0,"22/06/2012","dog","d1",66.5,"t27",4.5,68.75,17.5,6,1.25,8.75,23.18,18,0.94948,-1.01861,-1.69741
213,1,"22/06/2012","dog","d3",66.5,"t12",42.5,17.5,12,17,30,17.5,23.18,18,-1.0712,1.01233,0.56655
214,1,"22/06/2012","dog","d3",66.5,"t19",6.75,20,4.25,9.25,34.25,20,23.18,18,-0.55918,1.13784,-0.89902
215,1,"26/06/2012","dog","d1",56,"t29",11.25,62.5,21.25,17.5,13.5,0.25,27.15,11,-0.54154,-1.3963,-1.16556
216,1,"26/06/2012","dog","d1",40,"t28",20.75,41.25,19.75,0.5,4.25,10.5,27.15,11,1.00253,-0.2229,-0.55238
217,0,"26/06/2012","dog","d1",66.5,"t22",60,52.5,10.5,16.5,37.5,0.75,27.15,11,-0.94647,-0.8439,1.39535
218,1,"26/06/2012","dog","d1",66.5,"t22",60,52.5,10.5,16.5,37.5,0.75,27.15,11,-0.94647,-0.8439,1.39535
219,1,"26/06/2012","dog","d1",66.5,"t28",20.75,41.25,19.75,0.5,4.25,10.5,27.15,11,1.00253,-0.2229,-0.55238
220,1,"26/06/2012","dog","d1",66.5,"t29",11.25,62.5,21.25,17.5,13.5,0.25,27.15,11,-0.54154,-1.3963,-1.16556
221,1,"28/06/2012","dog","d1",56,"t31",32.5,31.25,21.5,15.5,39.25,0.5,28.38,25,-1.57595,-0.63486,0.46642
222,1,"28/06/2012","dog","d1",56,"t32",18.25,27,13.5,1.25,5,47.5,28.38,25,1.11215,2.31924,-1.44372
223,1,"28/06/2012","dog","d3",56,"t35",12,75,5.25,13.75,4.5,3.75,28.38,25,0.67544,-1.08577,-1.34647
224,1,"28/06/2012","dog","d3",56,"t38",35,57.5,7.5,8,41.25,3.75,28.38,25,-0.42449,-0.87062,0.33527
225,0,"28/06/2012","dog","d1",40,"t32",18.25,27,13.5,1.25,5,47.5,28.38,25,1.11215,2.31924,-1.44372
226,1,"28/06/2012","dog","d1",40,"t34",29.5,14.5,1.25,26.25,28.75,20,28.38,25,-1.47262,1.55839,-0.13146
227,1,"28/06/2012","dog","d3",40,"t33",6.25,29.5,28.25,11.25,32.5,12.5,28.38,25,-1.28051,-0.1695,-1.01797
228,1,"28/06/2012","dog","d3",40,"t38",35,57.5,7.5,8,41.25,3.75,28.38,25,-0.42449,-0.87062,0.33527
229,0,"28/06/2012","dog","d1",66.5,"t31",32.5,31.25,21.5,15.5,39.25,0.5,28.38,25,-1.57595,-0.63486,0.46642
230,1,"28/06/2012","dog","d1",66.5,"t31",32.5,31.25,21.5,15.5,39.25,0.5,28.38,25,-1.57595,-0.63486,0.46642
231,0,"28/06/2012","dog","d1",66.5,"t34",29.5,14.5,1.25,26.25,28.75,20,28.38,25,-1.47262,1.55839,-0.13146
232,1,"28/06/2012","dog","d1",66.5,"t37",30.5,36.25,7.25,12.75,7.5,6.25,28.38,25,0.31147,0.10616,-0.03801
233,1,"28/06/2012","dog","d1",66.5,"t37",30.5,36.25,7.25,12.75,7.5,6.25,28.38,25,0.31147,0.10616,-0.03801
234,1,"28/06/2012","dog","d3",66.5,"t35",12,75,5.25,13.75,4.5,3.75,28.38,25,0.67544,-1.08577,-1.34647
235,1,"28/06/2012","dog","d3",66.5,"t36",18.25,18,9,12,10.75,33.75,28.38,25,0.08563,1.98917,-1.03635
236,1,"28/06/2012","dog","d3",66.5,"t36",18.25,18,9,12,10.75,33.75,28.38,25,0.08563,1.98917,-1.03635
237,1,"17/07/2012","dog","d1",56,"t2",41.25,43.75,16.75,9.5,25,5.5,23.11,14,-0.2758,-0.51513,0.52214
238,0,"17/07/2012","dog","d3",56,"t6",28.75,27.5,9.75,16.25,33.75,6.25,23.11,14,-1.10918,0.13246,0.19232
239,1,"17/07/2012","dog","d3",56,"t8",37.5,27.5,11.25,7.5,2.5,6.25,23.11,14,0.72537,0.26178,0.4019
240,1,"17/07/2012","dog","d1",40,"t7",45,57.5,3.5,1.25,2.5,0,23.11,14,1.69648,-0.72758,0.62544
241,1,"17/07/2012","dog","d1",40,"t9",68.75,13,20.5,3,7.5,6.75,23.11,14,0.60683,0.45576,2.0273
242,1,"17/07/2012","dog","d3",40,"t1",52.5,23.25,13.75,18,1.75,12.5,23.11,14,-0.04293,0.74425,0.76299
243,1,"17/07/2012","dog","d1",30,"t9",68.75,13,20.5,3,7.5,6.75,23.11,14,0.60683,0.45576,2.0273
244,1,"17/07/2012","dog","d3",30,"t1",52.5,23.25,13.75,18,1.75,12.5,23.11,14,-0.04293,0.74425,0.76299
245,1,"17/07/2012","dog","d3",30,"t6",28.75,27.5,9.75,16.25,33.75,6.25,23.11,14,-1.10918,0.13246,0.19232
246,1,"17/07/2012","dog","d1",23.3,"t2",41.25,43.75,16.75,9.5,25,5.5,23.11,14,-0.2758,-0.51513,0.52214
247,1,"17/07/2012","dog","d1",23.3,"t7",45,57.5,3.5,1.25,2.5,0,23.11,14,1.69648,-0.72758,0.62544
248,1,"17/07/2012","dog","d3",23.3,"t8",37.5,27.5,11.25,7.5,2.5,6.25,23.11,14,0.72537,0.26178,0.4019
249,1,"20/07/2012","dog","d1",28,"t13",58.75,23.75,9.25,7,2.5,13.75,27.53,22,0.91098,0.86667,1.19806
250,1,"20/07/2012","dog","d1",28,"t16",65,51.25,6.75,8,7.5,0,27.53,22,0.94243,-0.58966,1.51318
251,1,"20/07/2012","dog","d1",28,"t17",6.25,68.75,5.75,5.25,5.5,15,27.53,22,1.21681,-0.39014,-1.67783
252,0,"20/07/2012","dog","d3",28,"t27",4.5,68.75,17.5,6,1.25,8.75,27.53,22,0.94948,-1.01861,-1.69741
253,1,"20/07/2012","dog","d1",66.5,"t16",65,51.25,6.75,8,7.5,0,27.53,22,0.94243,-0.58966,1.51318
254,1,"20/07/2012","dog","d1",66.5,"t18",62.5,13.75,3.5,3.75,2.5,17.5,27.53,22,1.25793,1.49777,1.47775
255,0,"20/07/2012","dog","d1",66.5,"t24",47.5,51.25,9.25,7.75,23.75,3,27.53,22,0.2047,-0.64293,0.81415
256,1,"20/07/2012","dog","d3",66.5,"t13",58.75,23.75,9.25,7,2.5,13.75,27.53,22,0.91098,0.86667,1.19806
257,0,"20/07/2012","dog","d3",66.5,"t19",6.75,20,4.25,9.25,34.25,20,27.53,22,-0.55918,1.13784,-0.89902
258,1,"20/07/2012","dog","d3",66.5,"t27",4.5,68.75,17.5,6,1.25,8.75,27.53,22,0.94948,-1.01861,-1.69741
259,0,"20/07/2012","dog","d1",45,"t24",47.5,51.25,9.25,7.75,23.75,3,27.53,22,0.2047,-0.64293,0.81415
260,1,"20/07/2012","dog","d3",45,"t13",58.75,23.75,9.25,7,2.5,13.75,27.53,22,0.91098,0.86667,1.19806
261,0,"20/07/2012","dog","d3",45,"t17",6.25,68.75,5.75,5.25,5.5,15,27.53,22,1.21681,-0.39014,-1.67783
262,1,"20/07/2012","dog","d3",45,"t19",6.75,20,4.25,9.25,34.25,20,27.53,22,-0.55918,1.13784,-0.89902
263,1,"24/07/2012","dog","d1",28,"t20",13.25,21.25,9,21.25,6.75,17.5,22.03,18,-0.50766,1.09824,-1.04203
264,1,"24/07/2012","dog","d1",28,"t40",10,87.5,15,7.25,0.25,0,22.03,18,1.12797,-1.92203,-1.49285
265,1,"24/07/2012","dog","d3",28,"t23",47.5,52.5,18.75,17.5,28.75,1.5,22.03,18,-0.97761,-0.99616,0.68532
266,1,"24/07/2012","dog","d3",28,"t29",11.25,62.5,21.25,17.5,13.5,0.25,22.03,18,-0.54154,-1.3963,-1.16556
267,0,"24/07/2012","dog","d1",23.3,"t20",13.25,21.25,9,21.25,6.75,17.5,22.03,18,-0.50766,1.09824,-1.04203
268,1,"24/07/2012","dog","d1",23.3,"t40",10,87.5,15,7.25,0.25,0,22.03,18,1.12797,-1.92203,-1.49285
269,1,"24/07/2012","dog","d3",23.3,"t23",47.5,52.5,18.75,17.5,28.75,1.5,22.03,18,-0.97761,-0.99616,0.68532
270,0,"24/07/2012","dog","d3",23.3,"t29",11.25,62.5,21.25,17.5,13.5,0.25,22.03,18,-0.54154,-1.3963,-1.16556
271,0,"24/07/2012","dog","d1",45,"t22",60,52.5,10.5,16.5,37.5,0.75,22.03,18,-0.94647,-0.8439,1.39535
272,1,"24/07/2012","dog","d1",45,"t22",60,52.5,10.5,16.5,37.5,0.75,22.03,18,-0.94647,-0.8439,1.39535
273,0,"24/07/2012","dog","d1",45,"t30",62.5,24.25,16.75,0,0,8.75,22.03,18,1.30814,0.36418,1.53829
274,1,"24/07/2012","dog","d1",45,"t30",62.5,24.25,16.75,0,0,8.75,22.03,18,1.30814,0.36418,1.53829
275,0,"24/07/2012","dog","d3",45,"t21",42.5,40,13,7.25,6.75,2,22.03,18,0.65101,-0.38493,0.60084
276,1,"24/07/2012","dog","d3",45,"t21",42.5,40,13,7.25,6.75,2,22.03,18,0.65101,-0.38493,0.60084
277,1,"24/07/2012","dog","d3",45,"t39",30.75,42.25,23,2.25,0,3.75,22.03,18,0.96587,-0.64116,-0.03006
278,1,"24/07/2012","dog","d3",45,"t39",30.75,42.25,23,2.25,0,3.75,22.03,18,0.96587,-0.64116,-0.03006
279,1,"26/07/2012","dog","d1",27,"t31",32.5,31.25,21.5,15.5,39.25,0.5,23.94,18,-1.57595,-0.63486,0.46642
280,1,"26/07/2012","dog","d1",27,"t37",30.5,36.25,7.25,12.75,7.5,6.25,23.94,18,0.31147,0.10616,-0.03801
281,1,"26/07/2012","dog","d3",27,"t35",12,75,5.25,13.75,4.5,3.75,23.94,18,0.67544,-1.08577,-1.34647
282,1,"26/07/2012","dog","d3",27,"t41",22.5,66.25,0.75,0.25,2.5,6.25,23.94,18,1.85792,-0.6218,-0.61985
283,1,"26/07/2012","dog","d1",66.5,"t31",32.5,31.25,21.5,15.5,39.25,0.5,23.94,18,-1.57595,-0.63486,0.46642
284,1,"26/07/2012","dog","d1",66.5,"t37",30.5,36.25,7.25,12.75,7.5,6.25,23.94,18,0.31147,0.10616,-0.03801
285,1,"26/07/2012","dog","d3",66.5,"t35",12,75,5.25,13.75,4.5,3.75,23.94,18,0.67544,-1.08577,-1.34647
286,1,"26/07/2012","dog","d1",45,"t34",29.5,14.5,1.25,26.25,28.75,20,23.94,18,-1.47262,1.55839,-0.13146
287,1,"26/07/2012","dog","d1",45,"t34",29.5,14.5,1.25,26.25,28.75,20,23.94,18,-1.47262,1.55839,-0.13146
288,1,"26/07/2012","dog","d1",45,"t42",18.75,42.5,5,1.25,0,32.5,23.94,18,1.63075,1.34733,-1.23241
289,1,"26/07/2012","dog","d1",45,"t42",18.75,42.5,5,1.25,0,32.5,23.94,18,1.63075,1.34733,-1.23241
290,1,"26/07/2012","dog","d3",45,"t33",6.25,29.5,28.25,11.25,32.5,12.5,23.94,18,-1.28051,-0.1695,-1.01797
291,1,"26/07/2012","dog","d3",45,"t33",6.25,29.5,28.25,11.25,32.5,12.5,23.94,18,-1.28051,-0.1695,-1.01797
292,0,"26/07/2012","dog","d3",45,"t38",35,57.5,7.5,8,41.25,3.75,23.94,18,-0.42449,-0.87062,0.33527
293,1,"26/07/2012","dog","d3",45,"t38",35,57.5,7.5,8,41.25,3.75,23.94,18,-0.42449,-0.87062,0.33527
294,1,"26/07/2012","dog","d3",45,"t41",22.5,66.25,0.75,0.25,2.5,6.25,23.94,18,1.85792,-0.6218,-0.61985
295,1,"31/07/2012","dog","d1",28.5,"t7",45,57.5,3.5,1.25,2.5,0,27.77,18,1.69648,-0.72758,0.62544
296,1,"31/07/2012","dog","d1",28.5,"t8",37.5,27.5,11.25,7.5,2.5,6.25,27.77,18,0.72537,0.26178,0.4019
297,0,"31/07/2012","dog","d3",28.5,"t1",52.5,23.25,13.75,18,1.75,12.5,27.77,18,-0.04293,0.74425,0.76299
298,1,"31/07/2012","dog","d3",28.5,"t11",18.25,35,16.75,15.75,11.75,11.25,27.77,18,-0.392,0.10978,-0.74705
299,1,"31/07/2012","dog","d1",40,"t7",45,57.5,3.5,1.25,2.5,0,27.77,18,1.69648,-0.72758,0.62544
300,1,"31/07/2012","dog","d1",40,"t8",37.5,27.5,11.25,7.5,2.5,6.25,27.77,18,0.72537,0.26178,0.4019
301,1,"31/07/2012","dog","d3",40,"t1",52.5,23.25,13.75,18,1.75,12.5,27.77,18,-0.04293,0.74425,0.76299
302,1,"31/07/2012","dog","d1",30,"t2",41.25,43.75,16.75,9.5,25,5.5,27.77,18,-0.2758,-0.51513,0.52214
303,1,"31/07/2012","dog","d3",30,"t6",28.75,27.5,9.75,16.25,33.75,6.25,27.77,18,-1.10918,0.13246,0.19232
304,1,"31/07/2012","dog","d3",30,"t9",68.75,13,20.5,3,7.5,6.75,27.77,18,0.60683,0.45576,2.0273
305,1,"31/07/2012","dog","d1",23.3,"t2",41.25,43.75,16.75,9.5,25,5.5,27.77,18,-0.2758,-0.51513,0.52214
306,1,"31/07/2012","dog","d1",23.3,"t10",35,23.75,6.75,6.75,0.75,0,27.77,18,0.90573,0.16007,0.53131
307,1,"31/07/2012","dog","d3",23.3,"t6",28.75,27.5,9.75,16.25,33.75,6.25,27.77,18,-1.10918,0.13246,0.19232
308,1,"31/07/2012","dog","d3",23.3,"t9",68.75,13,20.5,3,7.5,6.75,27.77,18,0.60683,0.45576,2.0273
309,1,"14/08/2012","dog","d1",40,"t19",6.75,20,4.25,9.25,34.25,20,24.49,18,-0.55918,1.13784,-0.89902
310,1,"14/08/2012","dog","d1",40,"t24",47.5,51.25,9.25,7.75,23.75,3,24.49,18,0.2047,-0.64293,0.81415
311,1,"14/08/2012","dog","d3",40,"t17",6.25,68.75,5.75,5.25,5.5,15,24.49,18,1.21681,-0.39014,-1.67783
312,1,"14/08/2012","dog","d3",40,"t18",62.5,13.75,3.5,3.75,2.5,17.5,24.49,18,1.25793,1.49777,1.47775
313,1,"14/08/2012","dog","d3",40,"t27",4.5,68.75,17.5,6,1.25,8.75,24.49,18,0.94948,-1.01861,-1.69741
314,1,"14/08/2012","dog","d1",30,"t19",6.75,20,4.25,9.25,34.25,20,24.49,18,-0.55918,1.13784,-0.89902
315,1,"14/08/2012","dog","d1",30,"t24",47.5,51.25,9.25,7.75,23.75,3,24.49,18,0.2047,-0.64293,0.81415
316,1,"14/08/2012","dog","d3",30,"t17",6.25,68.75,5.75,5.25,5.5,15,24.49,18,1.21681,-0.39014,-1.67783
317,1,"14/08/2012","dog","d3",23.3,"t18",62.5,13.75,3.5,3.75,2.5,17.5,24.49,18,1.25793,1.49777,1.47775
318,1,"14/08/2012","dog","d1",101,"t16",65,51.25,6.75,8,7.5,0,24.49,18,0.94243,-0.58966,1.51318
319,1,"14/08/2012","dog","d3",101,"t16",65,51.25,6.75,8,7.5,0,24.49,18,0.94243,-0.58966,1.51318
320,1,"14/08/2012","dog","d3",101,"t27",4.5,68.75,17.5,6,1.25,8.75,24.49,18,0.94948,-1.01861,-1.69741
321,0,"28/08/2012","dog","d2",28,"t6",28.75,27.5,9.75,16.25,33.75,6.25,25.45,14,-1.10918,0.13246,0.19232
322,1,"28/08/2012","dog","d2",45,"t4",38,40,11,0.25,4.25,5,25.45,14,1.31546,-0.20367,0.41781
323,1,"28/08/2012","dog","d2",45,"t8",37.5,27.5,11.25,7.5,2.5,6.25,25.45,14,0.72537,0.26178,0.4019
324,0,"28/08/2012","dog","d2",45,"t10",35,23.75,6.75,6.75,0.75,0,25.45,14,0.90573,0.16007,0.53131
325,1,"04/09/2012","dog","d2",28,"t20",13.25,21.25,9,21.25,6.75,17.5,18.78,14,-0.50766,1.09824,-1.04203
326,1,"04/09/2012","dog","d2",66.5,"t22",60,52.5,10.5,16.5,37.5,0.75,18.78,14,-0.94647,-0.8439,1.39535
327,1,"04/09/2012","dog","d2",45,"t24",47.5,51.25,9.25,7.75,23.75,3,18.78,14,0.2047,-0.64293,0.81415
328,0,"04/09/2012","dog","d2",45,"t28",20.75,41.25,19.75,0.5,4.25,10.5,18.78,14,1.00253,-0.2229,-0.55238
329,0,"12/09/2012","dog","d2",28,"t36",18.25,18,9,12,10.75,33.75,23.49,18,0.08563,1.98917,-1.03635
330,1,"12/09/2012","dog","d2",28,"t40",10,87.5,15,7.25,0.25,0,23.49,18,1.12797,-1.92203,-1.49285
331,1,"12/09/2012","dog","d2",33.5,"t34",29.5,14.5,1.25,26.25,28.75,20,23.49,18,-1.47262,1.55839,-0.13146
332,0,"12/09/2012","dog","d2",24.3,"t31",32.5,31.25,21.5,15.5,39.25,0.5,23.49,18,-1.57595,-0.63486,0.46642
333,0,"17/09/2012","dog","d2",28,"t19",6.75,20,4.25,9.25,34.25,20,23.3,14,-0.55918,1.13784,-0.89902
334,0,"17/09/2012","dog","d2",33.5,"t17",6.25,68.75,5.75,5.25,5.5,15,23.3,14,1.21681,-0.39014,-1.67783
335,0,"17/09/2012","dog","d2",66.5,"t41",22.5,66.25,0.75,0.25,2.5,6.25,23.3,14,1.85792,-0.6218,-0.61985
336,0,"17/09/2012","dog","d2",45,"t15",27.5,52.5,23.75,20.25,11.25,0.5,23.3,14,-0.75141,-1.10251,-0.40118
337,1,"25/09/2012","dog","d2",38,"t1",52.5,23.25,13.75,18,1.75,12.5,14.62,29,-0.04293,0.74425,0.76299
338,1,"25/09/2012","dog","d2",38,"t6",28.75,27.5,9.75,16.25,33.75,6.25,14.62,29,-1.10918,0.13246,0.19232
341,0,"01/10/2012","dog","d2",38,"t29",11.25,62.5,21.25,17.5,13.5,0.25,12.6,14,-0.54154,-1.3963,-1.16556
342,1,"01/10/2012","dog","d2",21.5,"t12",42.5,17.5,12,17,30,17.5,12.6,14,-1.0712,1.01233,0.56655
343,1,"01/10/2012","dog","d2",101,"t17",6.25,68.75,5.75,5.25,5.5,15,12.6,14,1.21681,-0.39014,-1.67783
344,0,"10/10/2012","dog","d2",38,"t32",18.25,27,13.5,1.25,5,47.5,19.94,18,1.11215,2.31924,-1.44372
345,1,"10/10/2012","dog","d2",21.5,"t34",29.5,14.5,1.25,26.25,28.75,20,19.94,18,-1.47262,1.55839,-0.13146
346,1,"10/10/2012","dog","d2",101,"t31",32.5,31.25,21.5,15.5,39.25,0.5,19.94,18,-1.57595,-0.63486,0.46642
347,0,"16/10/2012","human","h1",21.5,"t2",41.25,43.75,16.75,9.5,25,5.5,11.45,7,-0.2758,-0.51513,0.52214
348,0,"16/10/2012","human","h1",17,"t2",41.25,43.75,16.75,9.5,25,5.5,11.45,7,-0.2758,-0.51513,0.52214
349,0,"16/10/2012","human","h1",38,"t5",52.5,16.25,15,8.25,12,40,11.45,7,0.30369,2.25278,0.35772
350,0,"16/10/2012","human","h1",17,"t5",52.5,16.25,15,8.25,12,40,11.45,7,0.30369,2.25278,0.35772
351,0,"16/10/2012","human","h1",23.3,"t5",52.5,16.25,15,8.25,12,40,11.45,7,0.30369,2.25278,0.35772
352,0,"16/10/2012","human","h1",38,"t6",28.75,27.5,9.75,16.25,33.75,6.25,11.45,7,-1.10918,0.13246,0.19232
353,0,"16/10/2012","human","h1",101,"t1",52.5,23.25,13.75,18,1.75,12.5,11.45,7,-0.04293,0.74425,0.76299
354,1,"16/10/2012","human","h1",101,"t6",28.75,27.5,9.75,16.25,33.75,6.25,11.45,7,-1.10918,0.13246,0.19232
355,1,"16/10/2012","dog","d2",101,"t1",52.5,23.25,13.75,18,1.75,12.5,11.45,7,-0.04293,0.74425,0.76299
356,1,"16/10/2012","dog","d2",38,"t6",28.75,27.5,9.75,16.25,33.75,6.25,11.45,7,-1.10918,0.13246,0.19232
357,0,"16/10/2012","dog","d2",101,"t6",28.75,27.5,9.75,16.25,33.75,6.25,11.45,7,-1.10918,0.13246,0.19232
358,1,"23/10/2012","dog","d2",38,"t21",42.5,40,13,7.25,6.75,2,8.12,7,0.65101,-0.38493,0.60084
359,1,"23/10/2012","dog","d2",38,"t24",47.5,51.25,9.25,7.75,23.75,3,8.12,7,0.2047,-0.64293,0.81415
360,1,"23/10/2012","dog","d2",21.5,"t23",47.5,52.5,18.75,17.5,28.75,1.5,8.12,7,-0.97761,-0.99616,0.68532
361,1,"23/10/2012","dog","d2",23.3,"t23",47.5,52.5,18.75,17.5,28.75,1.5,8.12,7,-0.97761,-0.99616,0.68532
362,1,"13/11/2012","dog","d2",38,"t26",13.75,75,16.25,21.25,22.5,0.5,6.71,18,-0.89022,-1.63079,-1.18049
363,1,"13/11/2012","dog","d2",17,"t21",42.5,40,13,7.25,6.75,2,6.71,18,0.65101,-0.38493,0.60084
364,1,"13/11/2012","dog","d2",17,"t28",20.75,41.25,19.75,0.5,4.25,10.5,6.71,18,1.00253,-0.2229,-0.55238
365,0,"13/11/2012","dog","d2",39.5,"t23",47.5,52.5,18.75,17.5,28.75,1.5,6.71,18,-0.97761,-0.99616,0.68532
366,0,"20/11/2012","human","h1",39.5,"t27",4.5,68.75,17.5,6,1.25,8.75,9.16,11,0.94948,-1.01861,-1.69741
367,1,"20/11/2012","human","h1",34.5,"t27",4.5,68.75,17.5,6,1.25,8.75,9.16,11,0.94948,-1.01861,-1.69741
368,0,"20/11/2012","human","h1",34.5,"t20",13.25,21.25,9,21.25,6.75,17.5,9.16,11,-0.50766,1.09824,-1.04203
369,0,"20/11/2012","human","h1",34.5,"t20",13.25,21.25,9,21.25,6.75,17.5,9.16,11,-0.50766,1.09824,-1.04203
370,1,"20/11/2012","human","h1",39.5,"t22",60,52.5,10.5,16.5,37.5,0.75,9.16,11,-0.94647,-0.8439,1.39535
371,1,"20/11/2012","human","h1",68.5,"t22",60,52.5,10.5,16.5,37.5,0.75,9.16,11,-0.94647,-0.8439,1.39535
372,0,"20/11/2012","human","h1",39.5,"t24",47.5,51.25,9.25,7.75,23.75,3,9.16,11,0.2047,-0.64293,0.81415
373,0,"20/11/2012","human","h1",68.5,"t24",47.5,51.25,9.25,7.75,23.75,3,9.16,11,0.2047,-0.64293,0.81415
374,0,"20/11/2012","human","h1",34.5,"t24",47.5,51.25,9.25,7.75,23.75,3,9.16,11,0.2047,-0.64293,0.81415
375,0,"20/11/2012","human","h1",39.5,"t21",42.5,40,13,7.25,6.75,2,9.16,11,0.65101,-0.38493,0.60084
376,1,"20/11/2012","human","h1",68.5,"t21",42.5,40,13,7.25,6.75,2,9.16,11,0.65101,-0.38493,0.60084
377,0,"20/11/2012","human","h1",34.5,"t21",42.5,40,13,7.25,6.75,2,9.16,11,0.65101,-0.38493,0.60084
378,0,"20/11/2012","dog","d2",39.5,"t21",42.5,40,13,7.25,6.75,2,9.16,11,0.65101,-0.38493,0.60084
379,1,"20/11/2012","dog","d2",68.5,"t21",42.5,40,13,7.25,6.75,2,9.16,11,0.65101,-0.38493,0.60084
380,1,"20/11/2012","dog","d2",34.5,"t21",42.5,40,13,7.25,6.75,2,9.16,11,0.65101,-0.38493,0.60084
381,1,"20/11/2012","dog","d2",39.5,"t27",4.5,68.75,17.5,6,1.25,8.75,9.16,11,0.94948,-1.01861,-1.69741
382,1,"20/11/2012","dog","d2",34.5,"t27",4.5,68.75,17.5,6,1.25,8.75,9.16,11,0.94948,-1.01861,-1.69741
383,1,"20/11/2012","dog","d2",34.5,"t20",13.25,21.25,9,21.25,6.75,17.5,9.16,11,-0.50766,1.09824,-1.04203
384,1,"20/11/2012","dog","d2",34.5,"t20",13.25,21.25,9,21.25,6.75,17.5,9.16,11,-0.50766,1.09824,-1.04203
385,1,"20/11/2012","dog","d2",39.5,"t22",60,52.5,10.5,16.5,37.5,0.75,9.16,11,-0.94647,-0.8439,1.39535
386,1,"20/11/2012","dog","d2",68.5,"t22",60,52.5,10.5,16.5,37.5,0.75,9.16,11,-0.94647,-0.8439,1.39535
387,1,"27/11/2012","dog","d2",121,"t36",18.25,18,9,12,10.75,33.75,10.41,22,0.08563,1.98917,-1.03635
388,0,"27/11/2012","dog","d2",68.5,"t34",29.5,14.5,1.25,26.25,28.75,20,10.41,22,-1.47262,1.55839,-0.13146
389,1,"27/11/2012","dog","d2",34.5,"t31",32.5,31.25,21.5,15.5,39.25,0.5,10.41,22,-1.57595,-0.63486,0.46642
390,1,"27/11/2012","dog","d2",34.5,"t37",30.5,36.25,7.25,12.75,7.5,6.25,10.41,22,0.31147,0.10616,-0.03801
391,0,"04/12/2012","dog","d2",121,"t2",41.25,43.75,16.75,9.5,25,5.5,4.04,32,-0.2758,-0.51513,0.52214
392,1,"04/12/2012","dog","d2",121,"t6",28.75,27.5,9.75,16.25,33.75,6.25,4.04,32,-1.10918,0.13246,0.19232
393,1,"04/12/2012","dog","d2",121,"t7",45,57.5,3.5,1.25,2.5,0,4.04,32,1.69648,-0.72758,0.62544
394,1,"04/12/2012","dog","d2",39.5,"t1",52.5,23.25,13.75,18,1.75,12.5,4.04,32,-0.04293,0.74425,0.76299
395,1,"04/12/2012","dog","d2",39.5,"t5",52.5,16.25,15,8.25,12,40,4.04,32,0.30369,2.25278,0.35772
396,1,"04/12/2012","dog","d2",68.5,"t4",38,40,11,0.25,4.25,5,4.04,32,1.31546,-0.20367,0.41781
397,0,"18/12/2012","dog","d2",121,"t18",62.5,13.75,3.5,3.75,2.5,17.5,8.8,14,1.25793,1.49777,1.47775
398,1,"18/12/2012","dog","d2",121,"t19",6.75,20,4.25,9.25,34.25,20,8.8,14,-0.55918,1.13784,-0.89902
399,1,"18/12/2012","dog","d2",68.5,"t12",42.5,17.5,12,17,30,17.5,8.8,14,-1.0712,1.01233,0.56655
400,1,"18/12/2012","dog","d2",34.5,"t15",27.5,52.5,23.75,20.25,11.25,0.5,8.8,14,-0.75141,-1.10251,-0.40118
401,1,"26/12/2012","dog","d2",121,"t22",60,52.5,10.5,16.5,37.5,0.75,4.32,32,-0.94647,-0.8439,1.39535
402,0,"26/12/2012","dog","d2",39.5,"t26",13.75,75,16.25,21.25,22.5,0.5,4.32,32,-0.89022,-1.63079,-1.18049
403,1,"26/12/2012","dog","d2",39.5,"t29",11.25,62.5,21.25,17.5,13.5,0.25,4.32,32,-0.54154,-1.3963,-1.16556
404,0,"26/12/2012","dog","d2",51,"t20",13.25,21.25,9,21.25,6.75,17.5,4.32,32,-0.50766,1.09824,-1.04203
405,1,"26/12/2012","dog","d2",51,"t30",62.5,24.25,16.75,0,0,8.75,4.32,32,1.30814,0.36418,1.53829
406,1,"02/01/2013","dog","d2",121,"t32",18.25,27,13.5,1.25,5,47.5,2.86,18,1.11215,2.31924,-1.44372
407,1,"02/01/2013","dog","d2",21.5,"t35",12,75,5.25,13.75,4.5,3.75,2.86,18,0.67544,-1.08577,-1.34647
408,1,"02/01/2013","dog","d2",51,"t33",6.25,29.5,28.25,11.25,32.5,12.5,2.86,18,-1.28051,-0.1695,-1.01797
409,1,"02/01/2013","dog","d2",68.5,"t38",35,57.5,7.5,8,41.25,3.75,2.86,18,-0.42449,-0.87062,0.33527
410,1,"08/01/2013","dog","d2",121,"t5",52.5,16.25,15,8.25,12,40,3.73,11,0.30369,2.25278,0.35772
411,1,"08/01/2013","dog","d2",23,"t2",41.25,43.75,16.75,9.5,25,5.5,3.73,11,-0.2758,-0.51513,0.52214
412,1,"08/01/2013","dog","d2",23,"t7",45,57.5,3.5,1.25,2.5,0,3.73,11,1.69648,-0.72758,0.62544
413,1,"08/01/2013","dog","d2",46.5,"t4",38,40,11,0.25,4.25,5,3.73,11,1.31546,-0.20367,0.41781
414,0,"08/01/2013","dog","d2",46.5,"t6",28.75,27.5,9.75,16.25,33.75,6.25,3.73,11,-1.10918,0.13246,0.19232
415,1,"15/01/2013","dog","d2",68.5,"t17",6.25,68.75,5.75,5.25,5.5,15,2.73,29,1.21681,-0.39014,-1.67783
416,1,"15/01/2013","dog","d2",46.5,"t18",62.5,13.75,3.5,3.75,2.5,17.5,2.73,29,1.25793,1.49777,1.47775
417,1,"15/01/2013","dog","d2",21.5,"t13",58.75,23.75,9.25,7,2.5,13.75,2.73,29,0.91098,0.86667,1.19806
418,1,"15/01/2013","dog","d2",21.5,"t19",6.75,20,4.25,9.25,34.25,20,2.73,29,-0.55918,1.13784,-0.89902
419,0,"15/01/2013","dog","d2",46.5,"t12",42.5,17.5,12,17,30,17.5,2.73,29,-1.0712,1.01233,0.56655
420,0,"15/01/2013","dog","d2",46.5,"t16",65,51.25,6.75,8,7.5,0,2.73,29,0.94243,-0.58966,1.51318
421,1,"22/01/2013","dog","d2",46.5,"t30",62.5,24.25,16.75,0,0,8.75,1.01,43,1.30814,0.36418,1.53829
422,1,"22/01/2013","dog","d2",21.5,"t20",13.25,21.25,9,21.25,6.75,17.5,1.01,43,-0.50766,1.09824,-1.04203
423,1,"22/01/2013","dog","d2",121,"t22",60,52.5,10.5,16.5,37.5,0.75,1.01,43,-0.94647,-0.8439,1.39535
424,1,"22/01/2013","dog","d2",46.5,"t21",42.5,40,13,7.25,6.75,2,1.01,43,0.65101,-0.38493,0.60084
425,0,"22/01/2013","dog","d2",21.5,"t23",47.5,52.5,18.75,17.5,28.75,1.5,1.01,43,-0.97761,-0.99616,0.68532
426,1,"22/01/2013","dog","d2",21.5,"t29",11.25,62.5,21.25,17.5,13.5,0.25,1.01,43,-0.54154,-1.3963,-1.16556
427,1,"22/01/2013","dog","d2",121,"t28",20.75,41.25,19.75,0.5,4.25,10.5,1.01,43,1.00253,-0.2229,-0.55238
428,1,"29/01/2013","dog","d2",68.5,"t38",35,57.5,7.5,8,41.25,3.75,8.03,14,-0.42449,-0.87062,0.33527
429,1,"29/01/2013","dog","d2",121,"t33",6.25,29.5,28.25,11.25,32.5,12.5,8.03,14,-1.28051,-0.1695,-1.01797
430,1,"29/01/2013","dog","d2",21.5,"t37",30.5,36.25,7.25,12.75,7.5,6.25,8.03,14,0.31147,0.10616,-0.03801
431,1,"29/01/2013","dog","d2",34.5,"t31",32.5,31.25,21.5,15.5,39.25,0.5,8.03,14,-1.57595,-0.63486,0.46642
432,1,"29/01/2013","dog","d2",21.5,"t34",29.5,14.5,1.25,26.25,28.75,20,8.03,14,-1.47262,1.55839,-0.13146
433,0,"29/01/2013","dog","d2",68.5,"t32",18.25,27,13.5,1.25,5,47.5,8.03,14,1.11215,2.31924,-1.44372
434,0,"08/02/2013","human","h1",21.5,"t31",32.5,31.25,21.5,15.5,39.25,0.5,2.46,29,-1.57595,-0.63486,0.46642
435,1,"08/02/2013","human","h1",68.5,"t31",32.5,31.25,21.5,15.5,39.25,0.5,2.46,29,-1.57595,-0.63486,0.46642
436,1,"08/02/2013","human","h1",66.5,"t31",32.5,31.25,21.5,15.5,39.25,0.5,2.46,29,-1.57595,-0.63486,0.46642
437,0,"08/02/2013","human","h1",21.5,"t33",6.25,29.5,28.25,11.25,32.5,12.5,2.46,29,-1.28051,-0.1695,-1.01797
438,0,"08/02/2013","human","h1",21.5,"t33",6.25,29.5,28.25,11.25,32.5,12.5,2.46,29,-1.28051,-0.1695,-1.01797
439,1,"08/02/2013","human","h1",40,"t35",12,75,5.25,13.75,4.5,3.75,2.46,29,0.67544,-1.08577,-1.34647
440,0,"08/02/2013","human","h1",66.5,"t35",12,75,5.25,13.75,4.5,3.75,2.46,29,0.67544,-1.08577,-1.34647
441,0,"08/02/2013","human","h1",34.5,"t35",12,75,5.25,13.75,4.5,3.75,2.46,29,0.67544,-1.08577,-1.34647
442,0,"08/02/2013","human","h1",40,"t34",29.5,14.5,1.25,26.25,28.75,20,2.46,29,-1.47262,1.55839,-0.13146
443,0,"08/02/2013","human","h1",68.5,"t34",29.5,14.5,1.25,26.25,28.75,20,2.46,29,-1.47262,1.55839,-0.13146
444,0,"08/02/2013","human","h1",34.5,"t34",29.5,14.5,1.25,26.25,28.75,20,2.46,29,-1.47262,1.55839,-0.13146
445,1,"08/02/2013","dog","d2",121,"t36",18.25,18,9,12,10.75,33.75,2.46,29,0.08563,1.98917,-1.03635
446,0,"08/02/2013","dog","d2",68.5,"t36",18.25,18,9,12,10.75,33.75,2.46,29,0.08563,1.98917,-1.03635
447,1,"08/02/2013","dog","d2",21.5,"t33",6.25,29.5,28.25,11.25,32.5,12.5,2.46,29,-1.28051,-0.1695,-1.01797
448,1,"08/02/2013","dog","d2",21.5,"t33",6.25,29.5,28.25,11.25,32.5,12.5,2.46,29,-1.28051,-0.1695,-1.01797
449,1,"08/02/2013","dog","d2",40,"t35",12,75,5.25,13.75,4.5,3.75,2.46,29,0.67544,-1.08577,-1.34647
450,1,"08/02/2013","dog","d2",66.5,"t35",12,75,5.25,13.75,4.5,3.75,2.46,29,0.67544,-1.08577,-1.34647
451,1,"08/02/2013","dog","d2",34.5,"t35",12,75,5.25,13.75,4.5,3.75,2.46,29,0.67544,-1.08577,-1.34647
452,1,"08/02/2013","dog","d2",21.5,"t31",32.5,31.25,21.5,15.5,39.25,0.5,2.46,29,-1.57595,-0.63486,0.46642
453,1,"08/02/2013","dog","d2",68.5,"t31",32.5,31.25,21.5,15.5,39.25,0.5,2.46,29,-1.57595,-0.63486,0.46642
454,1,"08/02/2013","dog","d2",66.5,"t31",32.5,31.25,21.5,15.5,39.25,0.5,2.46,29,-1.57595,-0.63486,0.46642
455,1,"08/02/2013","dog","d2",121,"t36",18.25,18,9,12,10.75,33.75,2.46,29,0.08563,1.98917,-1.03635
456,1,"08/02/2013","dog","d2",68.5,"t36",18.25,18,9,12,10.75,33.75,2.46,29,0.08563,1.98917,-1.03635
457,1,"08/02/2013","dog","d2",40,"t34",29.5,14.5,1.25,26.25,28.75,20,2.46,29,-1.47262,1.55839,-0.13146
458,1,"08/02/2013","dog","d2",68.5,"t34",29.5,14.5,1.25,26.25,28.75,20,2.46,29,-1.47262,1.55839,-0.13146
459,1,"08/02/2013","dog","d2",34.5,"t34",29.5,14.5,1.25,26.25,28.75,20,2.46,29,-1.47262,1.55839,-0.13146
460,0,"20/02/2013","human","h1",23,"t24",47.5,51.25,9.25,7.75,23.75,3,6.86,18,0.2047,-0.64293,0.81415
461,0,"20/02/2013","human","h1",34.5,"t24",47.5,51.25,9.25,7.75,23.75,3,6.86,18,0.2047,-0.64293,0.81415
462,0,"20/02/2013","human","h1",23,"t20",13.25,21.25,9,21.25,6.75,17.5,6.86,18,-0.50766,1.09824,-1.04203
463,0,"20/02/2013","human","h1",34.5,"t20",13.25,21.25,9,21.25,6.75,17.5,6.86,18,-0.50766,1.09824,-1.04203
464,0,"20/02/2013","human","h1",46.5,"t21",42.5,40,13,7.25,6.75,2,6.86,18,0.65101,-0.38493,0.60084
465,0,"20/02/2013","human","h1",68.5,"t21",42.5,40,13,7.25,6.75,2,6.86,18,0.65101,-0.38493,0.60084
466,0,"20/02/2013","human","h1",66.5,"t21",42.5,40,13,7.25,6.75,2,6.86,18,0.65101,-0.38493,0.60084
467,0,"20/02/2013","human","h1",121,"t27",4.5,68.75,17.5,6,1.25,8.75,6.86,18,0.94948,-1.01861,-1.69741
468,0,"20/02/2013","human","h1",34.5,"t27",4.5,68.75,17.5,6,1.25,8.75,6.86,18,0.94948,-1.01861,-1.69741
469,1,"20/02/2013","human","h1",121,"t22",60,52.5,10.5,16.5,37.5,0.75,6.86,18,-0.94647,-0.8439,1.39535
470,0,"20/02/2013","human","h1",66.5,"t22",60,52.5,10.5,16.5,37.5,0.75,6.86,18,-0.94647,-0.8439,1.39535
471,0,"20/02/2013","human","h1",34.5,"t22",60,52.5,10.5,16.5,37.5,0.75,6.86,18,-0.94647,-0.8439,1.39535
472,1,"20/02/2013","dog","d2",23,"t20",13.25,21.25,9,21.25,6.75,17.5,6.86,18,-0.50766,1.09824,-1.04203
473,1,"20/02/2013","dog","d2",34.5,"t20",13.25,21.25,9,21.25,6.75,17.5,6.86,18,-0.50766,1.09824,-1.04203
474,1,"20/02/2013","dog","d2",23,"t24",47.5,51.25,9.25,7.75,23.75,3,6.86,18,0.2047,-0.64293,0.81415
475,1,"20/02/2013","dog","d2",34.5,"t24",47.5,51.25,9.25,7.75,23.75,3,6.86,18,0.2047,-0.64293,0.81415
476,1,"20/02/2013","dog","d2",46.5,"t21",42.5,40,13,7.25,6.75,2,6.86,18,0.65101,-0.38493,0.60084
477,1,"20/02/2013","dog","d2",121,"t27",4.5,68.75,17.5,6,1.25,8.75,6.86,18,0.94948,-1.01861,-1.69741
478,1,"20/02/2013","dog","d2",68.5,"t21",42.5,40,13,7.25,6.75,2,6.86,18,0.65101,-0.38493,0.60084
479,1,"20/02/2013","dog","d2",66.5,"t21",42.5,40,13,7.25,6.75,2,6.86,18,0.65101,-0.38493,0.60084
480,1,"20/02/2013","dog","d2",34.5,"t27",4.5,68.75,17.5,6,1.25,8.75,6.86,18,0.94948,-1.01861,-1.69741
481,1,"20/02/2013","dog","d2",121,"t22",60,52.5,10.5,16.5,37.5,0.75,6.86,18,-0.94647,-0.8439,1.39535
482,1,"20/02/2013","dog","d2",66.5,"t22",60,52.5,10.5,16.5,37.5,0.75,6.86,18,-0.94647,-0.8439,1.39535
483,1,"20/02/2013","dog","d2",34.5,"t22",60,52.5,10.5,16.5,37.5,0.75,6.86,18,-0.94647,-0.8439,1.39535
484,1,"27/02/2013","dog","d2",34.5,"t5",52.5,16.25,15,8.25,12,40,0.92,29,0.30369,2.25278,0.35772
485,1,"27/02/2013","dog","d2",68.5,"t6",28.75,27.5,9.75,16.25,33.75,6.25,0.92,29,-1.10918,0.13246,0.19232
486,1,"27/02/2013","dog","d2",66.5,"t4",38,40,11,0.25,4.25,5,0.92,29,1.31546,-0.20367,0.41781
487,0,"27/02/2013","dog","d2",21.5,"t2",41.25,43.75,16.75,9.5,25,5.5,0.92,29,-0.2758,-0.51513,0.52214
488,1,"27/02/2013","dog","d2",68.5,"t8",37.5,27.5,11.25,7.5,2.5,6.25,0.92,29,0.72537,0.26178,0.4019
489,0,"27/02/2013","dog","d2",34.5,"t1",52.5,23.25,13.75,18,1.75,12.5,0.92,29,-0.04293,0.74425,0.76299
490,1,"27/02/2013","dog","d2",40,"t9",68.75,13,20.5,3,7.5,6.75,0.92,29,0.60683,0.45576,2.0273
491,1,"27/02/2013","dog","d2",121,"t7",45,57.5,3.5,1.25,2.5,0,0.92,29,1.69648,-0.72758,0.62544
492,1,"27/02/2013","dog","d2",21.5,"t7",45,57.5,3.5,1.25,2.5,0,0.92,29,1.69648,-0.72758,0.62544
493,1,"27/02/2013","dog","d2",34.5,"t7",45,57.5,3.5,1.25,2.5,0,0.92,29,1.69648,-0.72758,0.62544
494,1,"12/03/2013","dog","d2",24.5,"t10",35,23.75,6.75,6.75,0.75,0,3.71,29,0.90573,0.16007,0.53131
495,1,"12/03/2013","dog","d2",40,"t10",35,23.75,6.75,6.75,0.75,0,3.71,29,0.90573,0.16007,0.53131
496,1,"12/03/2013","dog","d2",34.5,"t10",35,23.75,6.75,6.75,0.75,0,3.71,29,0.90573,0.16007,0.53131
497,1,"12/03/2013","dog","d2",40,"t13",58.75,23.75,9.25,7,2.5,13.75,3.71,29,0.91098,0.86667,1.19806
498,1,"12/03/2013","dog","d2",34.5,"t12",42.5,17.5,12,17,30,17.5,3.71,29,-1.0712,1.01233,0.56655
499,0,"12/03/2013","dog","d2",21.5,"t11",18.25,35,16.75,15.75,11.75,11.25,3.71,29,-0.392,0.10978,-0.74705
500,1,"12/03/2013","dog","d2",34.5,"t11",18.25,35,16.75,15.75,11.75,11.25,3.71,29,-0.392,0.10978,-0.74705
501,1,"12/03/2013","dog","d2",24.5,"t9",68.75,13,20.5,3,7.5,6.75,3.71,29,0.60683,0.45576,2.0273
502,1,"19/03/2013","dog","d2",24.5,"t14",11.25,51.25,18,26.25,43.75,6,7.6,25,-2.3285,-0.82652,-0.99457
503,1,"19/03/2013","dog","d2",40,"t15",27.5,52.5,23.75,20.25,11.25,0.5,7.6,25,-0.75141,-1.10251,-0.40118
505,1,"19/03/2013","dog","d2",34.5,"t15",27.5,52.5,23.75,20.25,11.25,0.5,7.6,25,-0.75141,-1.10251,-0.40118
506,1,"19/03/2013","dog","d2",28,"t19",6.75,20,4.25,9.25,34.25,20,7.6,25,-0.55918,1.13784,-0.89902
507,1,"19/03/2013","dog","d2",40,"t19",6.75,20,4.25,9.25,34.25,20,7.6,25,-0.55918,1.13784,-0.89902
508,1,"19/03/2013","dog","d2",24.5,"t18",62.5,13.75,3.5,3.75,2.5,17.5,7.6,25,1.25793,1.49777,1.47775
509,1,"19/03/2013","dog","d2",34.5,"t18",62.5,13.75,3.5,3.75,2.5,17.5,7.6,25,1.25793,1.49777,1.47775
510,1,"19/03/2013","dog","d2",28,"t16",65,51.25,6.75,8,7.5,0,7.6,25,0.94243,-0.58966,1.51318
511,1,"19/03/2013","dog","d2",40,"t16",65,51.25,6.75,8,7.5,0,7.6,25,0.94243,-0.58966,1.51318
512,0,"19/03/2013","dog","d2",21.5,"t17",6.25,68.75,5.75,5.25,5.5,15,7.6,25,1.21681,-0.39014,-1.67783
513,1,"19/03/2013","dog","d2",40,"t17",6.25,68.75,5.75,5.25,5.5,15,7.6,25,1.21681,-0.39014,-1.67783
514,1,"19/03/2013","dog","d2",34.5,"t17",6.25,68.75,5.75,5.25,5.5,15,7.6,25,1.21681,-0.39014,-1.67783
515,0,"26/03/2013","dog","d2",24.5,"t21",42.5,40,13,7.25,6.75,2,9.17,36,0.65101,-0.38493,0.60084
516,1,"26/03/2013","dog","d2",17,"t23",47.5,52.5,18.75,17.5,28.75,1.5,9.17,36,-0.97761,-0.99616,0.68532
517,1,"26/03/2013","dog","d2",34.5,"t23",47.5,52.5,18.75,17.5,28.75,1.5,9.17,36,-0.97761,-0.99616,0.68532
518,1,"26/03/2013","dog","d2",34.5,"t21",42.5,40,13,7.25,6.75,2,9.17,36,0.65101,-0.38493,0.60084
519,0,"26/03/2013","dog","d2",40,"t20",13.25,21.25,9,21.25,6.75,17.5,9.17,36,-0.50766,1.09824,-1.04203
520,1,"26/03/2013","dog","d2",34.5,"t20",13.25,21.25,9,21.25,6.75,17.5,9.17,36,-0.50766,1.09824,-1.04203
521,1,"26/03/2013","dog","d2",40,"t22",60,52.5,10.5,16.5,37.5,0.75,9.17,36,-0.94647,-0.8439,1.39535
522,1,"26/03/2013","dog","d2",36.5,"t22",60,52.5,10.5,16.5,37.5,0.75,9.17,36,-0.94647,-0.8439,1.39535
523,1,"04/04/2013","dog","d2",33.5,"t27",4.5,68.75,17.5,6,1.25,8.75,7.24,22,0.94948,-1.01861,-1.69741
524,1,"04/04/2013","dog","d2",34.5,"t27",4.5,68.75,17.5,6,1.25,8.75,7.24,22,0.94948,-1.01861,-1.69741
525,1,"04/04/2013","dog","d2",33.5,"t28",20.75,41.25,19.75,0.5,4.25,10.5,7.24,22,1.00253,-0.2229,-0.55238
526,1,"04/04/2013","dog","d2",33.5,"t26",13.75,75,16.25,21.25,22.5,0.5,7.24,22,-0.89022,-1.63079,-1.18049
529,1,"04/04/2013","dog","d2",48.5,"t24",47.5,51.25,9.25,7.75,23.75,3,7.24,22,0.2047,-0.64293,0.81415
530,1,"04/04/2013","dog","d2",48.5,"t30",62.5,24.25,16.75,0,0,8.75,7.24,22,1.30814,0.36418,1.53829
531,1,"04/04/2013","dog","d2",45,"t28",20.75,41.25,19.75,0.5,4.25,10.5,7.24,22,1.00253,-0.2229,-0.55238
532,1,"09/04/2013","dog","d2",46,"t31",32.5,31.25,21.5,15.5,39.25,0.5,9.74,29,-1.57595,-0.63486,0.46642
533,1,"09/04/2013","dog","d2",23.3,"t33",6.25,29.5,28.25,11.25,32.5,12.5,9.74,29,-1.28051,-0.1695,-1.01797
534,1,"09/04/2013","dog","d2",23.3,"t32",18.25,27,13.5,1.25,5,47.5,9.74,29,1.11215,2.31924,-1.44372
535,1,"09/04/2013","dog","d2",46,"t42",18.75,42.5,5,1.25,0,32.5,9.74,29,1.63075,1.34733,-1.23241
536,1,"09/04/2013","dog","d2",68.5,"t36",18.25,18,9,12,10.75,33.75,9.74,29,0.08563,1.98917,-1.03635
537,1,"09/04/2013","dog","d2",68.5,"t34",29.5,14.5,1.25,26.25,28.75,20,9.74,29,-1.47262,1.55839,-0.13146
538,0,"09/04/2013","dog","d2",46,"t37",30.5,36.25,7.25,12.75,7.5,6.25,9.74,29,0.31147,0.10616,-0.03801
539,0,"16/04/2013","human","h1",24.5,"t4",38,40,11,0.25,4.25,5,17.98,11,1.31546,-0.20367,0.41781
540,0,"16/04/2013","human","h1",28,"t4",38,40,11,0.25,4.25,5,17.98,11,1.31546,-0.20367,0.41781
541,0,"16/04/2013","human","h1",18,"t4",38,40,11,0.25,4.25,5,17.98,11,1.31546,-0.20367,0.41781
542,0,"16/04/2013","human","h1",24.5,"t5",52.5,16.25,15,8.25,12,40,17.98,11,0.30369,2.25278,0.35772
543,0,"16/04/2013","human","h1",28,"t5",52.5,16.25,15,8.25,12,40,17.98,11,0.30369,2.25278,0.35772
544,0,"16/04/2013","human","h1",18,"t5",52.5,16.25,15,8.25,12,40,17.98,11,0.30369,2.25278,0.35772
545,0,"16/04/2013","human","h1",24.5,"t6",28.75,27.5,9.75,16.25,33.75,6.25,17.98,11,-1.10918,0.13246,0.19232
546,0,"16/04/2013","human","h1",28,"t6",28.75,27.5,9.75,16.25,33.75,6.25,17.98,11,-1.10918,0.13246,0.19232
547,0,"16/04/2013","human","h1",18,"t6",28.75,27.5,9.75,16.25,33.75,6.25,17.98,11,-1.10918,0.13246,0.19232
548,1,"23/04/2013","human","h2",24.5,"t20",13.25,21.25,9,21.25,6.75,17.5,10.26,18,-0.50766,1.09824,-1.04203
549,1,"23/04/2013","human","h2",28,"t20",13.25,21.25,9,21.25,6.75,17.5,10.26,18,-0.50766,1.09824,-1.04203
550,1,"23/04/2013","human","h2",18,"t20",13.25,21.25,9,21.25,6.75,17.5,10.26,18,-0.50766,1.09824,-1.04203
551,0,"23/04/2013","human","h2",24.5,"t21",42.5,40,13,7.25,6.75,2,10.26,18,0.65101,-0.38493,0.60084
552,0,"23/04/2013","human","h2",24.5,"t22",60,52.5,10.5,16.5,37.5,0.75,10.26,18,-0.94647,-0.8439,1.39535
553,0,"23/04/2013","human","h2",28,"t21",42.5,40,13,7.25,6.75,2,10.26,18,0.65101,-0.38493,0.60084
554,0,"23/04/2013","human","h2",28,"t22",60,52.5,10.5,16.5,37.5,0.75,10.26,18,-0.94647,-0.8439,1.39535
555,0,"23/04/2013","human","h2",18,"t22",60,52.5,10.5,16.5,37.5,0.75,10.26,18,-0.94647,-0.8439,1.39535
556,0,"23/04/2013","human","h2",18,"t21",42.5,40,13,7.25,6.75,2,10.26,18,0.65101,-0.38493,0.60084
557,0,"23/04/2013","human","h2",24.5,"t24",47.5,51.25,9.25,7.75,23.75,3,10.26,18,0.2047,-0.64293,0.81415
558,0,"23/04/2013","human","h2",28,"t24",47.5,51.25,9.25,7.75,23.75,3,10.26,18,0.2047,-0.64293,0.81415
559,0,"23/04/2013","human","h2",18,"t24",47.5,51.25,9.25,7.75,23.75,3,10.26,18,0.2047,-0.64293,0.81415
560,0,"23/04/2013","human","h2",24.5,"t27",4.5,68.75,17.5,6,1.25,8.75,10.26,18,0.94948,-1.01861,-1.69741
561,0,"23/04/2013","human","h2",28,"t27",4.5,68.75,17.5,6,1.25,8.75,10.26,18,0.94948,-1.01861,-1.69741
562,0,"23/04/2013","human","h2",18,"t27",4.5,68.75,17.5,6,1.25,8.75,10.26,18,0.94948,-1.01861,-1.69741
563,1,"23/04/2013","dog","d2",24.5,"t24",47.5,51.25,9.25,7.75,23.75,3,10.26,18,0.2047,-0.64293,0.81415
564,1,"23/04/2013","dog","d2",24.5,"t24",47.5,51.25,9.25,7.75,23.75,3,10.26,18,0.2047,-0.64293,0.81415
565,1,"23/04/2013","dog","d2",28,"t24",47.5,51.25,9.25,7.75,23.75,3,10.26,18,0.2047,-0.64293,0.81415
566,1,"23/04/2013","dog","d2",18,"t24",47.5,51.25,9.25,7.75,23.75,3,10.26,18,0.2047,-0.64293,0.81415
567,0,"07/05/2013","human","h2",28,"t33",6.25,29.5,28.25,11.25,32.5,12.5,16.44,18,-1.28051,-0.1695,-1.01797
568,0,"07/05/2013","human","h2",21,"t33",6.25,29.5,28.25,11.25,32.5,12.5,16.44,18,-1.28051,-0.1695,-1.01797
569,1,"07/05/2013","human","h2",45,"t33",6.25,29.5,28.25,11.25,32.5,12.5,16.44,18,-1.28051,-0.1695,-1.01797
570,0,"07/05/2013","human","h2",33,"t36",18.25,18,9,12,10.75,33.75,16.44,18,0.08563,1.98917,-1.03635
571,0,"07/05/2013","human","h2",28,"t36",18.25,18,9,12,10.75,33.75,16.44,18,0.08563,1.98917,-1.03635
572,0,"07/05/2013","human","h2",45,"t36",18.25,18,9,12,10.75,33.75,16.44,18,0.08563,1.98917,-1.03635
573,0,"07/05/2013","human","h2",28,"t34",29.5,14.5,1.25,26.25,28.75,20,16.44,18,-1.47262,1.55839,-0.13146
574,0,"07/05/2013","human","h2",21,"t34",29.5,14.5,1.25,26.25,28.75,20,16.44,18,-1.47262,1.55839,-0.13146
575,1,"07/05/2013","human","h2",45,"t34",29.5,14.5,1.25,26.25,28.75,20,16.44,18,-1.47262,1.55839,-0.13146
576,0,"07/05/2013","human","h2",28,"t31",32.5,31.25,21.5,15.5,39.25,0.5,16.44,18,-1.57595,-0.63486,0.46642
577,0,"07/05/2013","human","h2",21,"t31",32.5,31.25,21.5,15.5,39.25,0.5,16.44,18,-1.57595,-0.63486,0.46642
578,1,"07/05/2013","human","h2",45,"t31",32.5,31.25,21.5,15.5,39.25,0.5,16.44,18,-1.57595,-0.63486,0.46642
579,0,"07/05/2013","human","h2",28,"t35",12,75,5.25,13.75,4.5,3.75,16.44,18,0.67544,-1.08577,-1.34647
580,0,"07/05/2013","human","h2",21,"t35",12,75,5.25,13.75,4.5,3.75,16.44,18,0.67544,-1.08577,-1.34647
581,1,"07/05/2013","human","h2",45,"t35",12,75,5.25,13.75,4.5,3.75,16.44,18,0.67544,-1.08577,-1.34647
582,1,"07/05/2013","dog","d2",21,"t33",6.25,29.5,28.25,11.25,32.5,12.5,16.44,18,-1.28051,-0.1695,-1.01797
583,1,"07/05/2013","dog","d2",45,"t33",6.25,29.5,28.25,11.25,32.5,12.5,16.44,18,-1.28051,-0.1695,-1.01797
584,1,"07/05/2013","dog","d2",28,"t31",32.5,31.25,21.5,15.5,39.25,0.5,16.44,18,-1.57595,-0.63486,0.46642
585,1,"07/05/2013","dog","d2",21,"t31",32.5,31.25,21.5,15.5,39.25,0.5,16.44,18,-1.57595,-0.63486,0.46642
586,1,"07/05/2013","dog","d2",45,"t31",32.5,31.25,21.5,15.5,39.25,0.5,16.44,18,-1.57595,-0.63486,0.46642
587,1,"07/05/2013","dog","d2",33,"t36",18.25,18,9,12,10.75,33.75,16.44,18,0.08563,1.98917,-1.03635
588,1,"07/05/2013","dog","d2",92,"t36",18.25,18,9,12,10.75,33.75,16.44,18,0.08563,1.98917,-1.03635
589,1,"07/05/2013","dog","d2",28,"t35",12,75,5.25,13.75,4.5,3.75,16.44,18,0.67544,-1.08577,-1.34647
590,1,"07/05/2013","dog","d2",45,"t35",12,75,5.25,13.75,4.5,3.75,16.44,18,0.67544,-1.08577,-1.34647
591,1,"21/05/2013","dog","d2",92,"t1",52.5,23.25,13.75,18,1.75,12.5,9.85,14,-0.04293,0.74425,0.76299
592,1,"21/05/2013","dog","d2",92,"t8",37.5,27.5,11.25,7.5,2.5,6.25,9.85,14,0.72537,0.26178,0.4019
593,1,"21/05/2013","dog","d2",45,"t7",45,57.5,3.5,1.25,2.5,0,9.85,14,1.69648,-0.72758,0.62544
594,1,"21/05/2013","dog","d2",24.5,"t10",35,23.75,6.75,6.75,0.75,0,9.85,14,0.90573,0.16007,0.53131
595,1,"21/05/2013","dog","d2",45,"t5",52.5,16.25,15,8.25,12,40,9.85,14,0.30369,2.25278,0.35772
596,1,"28/05/2013","human","h2",92,"t24",47.5,51.25,9.25,7.75,23.75,3,12.12,29,0.2047,-0.64293,0.81415
597,1,"28/05/2013","dog","d2",41,"t19",6.75,20,4.25,9.25,34.25,20,12.12,29,-0.55918,1.13784,-0.89902
598,1,"28/05/2013","dog","d2",77.5,"t13",58.75,23.75,9.25,7,2.5,13.75,12.12,29,0.91098,0.86667,1.19806
599,0,"28/05/2013","dog","d2",92,"t15",27.5,52.5,23.75,20.25,11.25,0.5,12.12,29,-0.75141,-1.10251,-0.40118
600,1,"28/05/2013","dog","d2",41,"t17",6.25,68.75,5.75,5.25,5.5,15,12.12,29,1.21681,-0.39014,-1.67783
601,1,"04/06/2013","dog","d2",33.5,"t24",47.5,51.25,9.25,7.75,23.75,3,17.65,18,0.2047,-0.64293,0.81415
602,1,"04/06/2013","dog","d2",92,"t30",62.5,24.25,16.75,0,0,8.75,17.65,18,1.30814,0.36418,1.53829
603,0,"04/06/2013","dog","d2",56,"t21",42.5,40,13,7.25,6.75,2,17.65,18,0.65101,-0.38493,0.60084
604,1,"04/06/2013","dog","d2",28,"t23",47.5,52.5,18.75,17.5,28.75,1.5,17.65,18,-0.97761,-0.99616,0.68532
605,0,"04/06/2013","dog","d2",28,"t26",13.75,75,16.25,21.25,22.5,0.5,17.65,18,-0.89022,-1.63079,-1.18049
606,1,"11/06/2013","dog","d2",56,"t35",12,75,5.25,13.75,4.5,3.75,18.21,14,0.67544,-1.08577,-1.34647
607,1,"11/06/2013","dog","d2",105,"t33",6.25,29.5,28.25,11.25,32.5,12.5,18.21,14,-1.28051,-0.1695,-1.01797
610,1,"11/06/2013","dog","d2",56,"t37",30.5,36.25,7.25,12.75,7.5,6.25,18.21,14,0.31147,0.10616,-0.03801
611,1,"18/06/2013","human","h2",105,"t2",41.25,43.75,16.75,9.5,25,5.5,14.27,25,-0.2758,-0.51513,0.52214
612,1,"18/06/2013","human","h2",45,"t2",41.25,43.75,16.75,9.5,25,5.5,14.27,25,-0.2758,-0.51513,0.52214
613,0,"18/06/2013","human","h2",46.5,"t6",28.75,27.5,9.75,16.25,33.75,6.25,14.27,25,-1.10918,0.13246,0.19232
614,0,"18/06/2013","human","h2",46.5,"t5",52.5,16.25,15,8.25,12,40,14.27,25,0.30369,2.25278,0.35772
615,1,"18/06/2013","human","h2",39.5,"t5",52.5,16.25,15,8.25,12,40,14.27,25,0.30369,2.25278,0.35772
616,1,"18/06/2013","human","h2",105,"t6",28.75,27.5,9.75,16.25,33.75,6.25,14.27,25,-1.10918,0.13246,0.19232
617,0,"18/06/2013","human","h2",45,"t6",28.75,27.5,9.75,16.25,33.75,6.25,14.27,25,-1.10918,0.13246,0.19232
618,0,"18/06/2013","human","h2",22,"t5",52.5,16.25,15,8.25,12,40,14.27,25,0.30369,2.25278,0.35772
619,0,"18/06/2013","human","h2",46.5,"t4",38,40,11,0.25,4.25,5,14.27,25,1.31546,-0.20367,0.41781
620,0,"18/06/2013","human","h2",46.5,"t1",52.5,23.25,13.75,18,1.75,12.5,14.27,25,-0.04293,0.74425,0.76299
621,0,"18/06/2013","human","h2",39.5,"t1",52.5,23.25,13.75,18,1.75,12.5,14.27,25,-0.04293,0.74425,0.76299
622,0,"18/06/2013","human","h2",45,"t4",38,40,11,0.25,4.25,5,14.27,25,1.31546,-0.20367,0.41781
623,0,"18/06/2013","human","h2",22,"t4",38,40,11,0.25,4.25,5,14.27,25,1.31546,-0.20367,0.41781
624,1,"18/06/2013","dog","d2",46.5,"t5",52.5,16.25,15,8.25,12,40,14.27,25,0.30369,2.25278,0.35772
625,1,"18/06/2013","dog","d2",46.5,"t1",52.5,23.25,13.75,18,1.75,12.5,14.27,25,-0.04293,0.74425,0.76299
626,1,"18/06/2013","dog","d2",46.5,"t6",28.75,27.5,9.75,16.25,33.75,6.25,14.27,25,-1.10918,0.13246,0.19232
627,1,"18/06/2013","dog","d2",46.5,"t4",38,40,11,0.25,4.25,5,14.27,25,1.31546,-0.20367,0.41781
628,0,"18/06/2013","dog","d2",39.5,"t1",52.5,23.25,13.75,18,1.75,12.5,14.27,25,-0.04293,0.74425,0.76299
629,1,"18/06/2013","dog","d2",39.5,"t5",52.5,16.25,15,8.25,12,40,14.27,25,0.30369,2.25278,0.35772
630,1,"18/06/2013","dog","d2",39.5,"t4",38,40,11,0.25,4.25,5,14.27,25,1.31546,-0.20367,0.41781
631,1,"18/06/2013","dog","d2",105,"t6",28.75,27.5,9.75,16.25,33.75,6.25,14.27,25,-1.10918,0.13246,0.19232
632,1,"18/06/2013","dog","d2",105,"t2",41.25,43.75,16.75,9.5,25,5.5,14.27,25,-0.2758,-0.51513,0.52214
633,1,"18/06/2013","dog","d2",45,"t2",41.25,43.75,16.75,9.5,25,5.5,14.27,25,-0.2758,-0.51513,0.52214
634,1,"18/06/2013","dog","d2",45,"t6",28.75,27.5,9.75,16.25,33.75,6.25,14.27,25,-1.10918,0.13246,0.19232
635,0,"18/06/2013","dog","d2",22,"t4",38,40,11,0.25,4.25,5,14.27,25,1.31546,-0.20367,0.41781
636,0,"18/06/2013","dog","d2",22,"t5",52.5,16.25,15,8.25,12,40,14.27,25,0.30369,2.25278,0.35772
637,0,"24/06/2013","dog","d2",46.5,"t15",27.5,52.5,23.75,20.25,11.25,0.5,20.03,18,-0.75141,-1.10251,-0.40118
638,1,"24/06/2013","dog","d2",46.5,"t11",18.25,35,16.75,15.75,11.75,11.25,20.03,18,-0.392,0.10978,-0.74705
639,0,"24/06/2013","dog","d2",46.5,"t7",45,57.5,3.5,1.25,2.5,0,20.03,18,1.69648,-0.72758,0.62544
640,1,"24/06/2013","dog","d2",46.5,"t13",58.75,23.75,9.25,7,2.5,13.75,20.03,18,0.91098,0.86667,1.19806
641,1,"24/06/2013","dog","d2",46.5,"t9",68.75,13,20.5,3,7.5,6.75,20.03,18,0.60683,0.45576,2.0273
642,1,"24/06/2013","dog","d2",40,"t9",68.75,13,20.5,3,7.5,6.75,20.03,18,0.60683,0.45576,2.0273
643,0,"24/06/2013","dog","d2",40,"t13",58.75,23.75,9.25,7,2.5,13.75,20.03,18,0.91098,0.86667,1.19806
644,1,"24/06/2013","dog","d2",40,"t15",27.5,52.5,23.75,20.25,11.25,0.5,20.03,18,-0.75141,-1.10251,-0.40118
645,1,"24/06/2013","dog","d2",40,"t11",18.25,35,16.75,15.75,11.75,11.25,20.03,18,-0.392,0.10978,-0.74705
646,1,"24/06/2013","dog","d2",40,"t7",45,57.5,3.5,1.25,2.5,0,20.03,18,1.69648,-0.72758,0.62544
647,0,"24/06/2013","dog","d2",18,"t11",18.25,35,16.75,15.75,11.75,11.25,20.03,18,-0.392,0.10978,-0.74705
648,1,"24/06/2013","dog","d2",18,"t13",58.75,23.75,9.25,7,2.5,13.75,20.03,18,0.91098,0.86667,1.19806
649,1,"24/06/2013","dog","d2",18,"t9",68.75,13,20.5,3,7.5,6.75,20.03,18,0.60683,0.45576,2.0273
650,1,"24/06/2013","dog","d2",18,"t7",45,57.5,3.5,1.25,2.5,0,20.03,18,1.69648,-0.72758,0.62544
651,1,"02/07/2013","dog","d2",57,"t17",6.25,68.75,5.75,5.25,5.5,15,21.35,7,1.21681,-0.39014,-1.67783
652,1,"02/07/2013","dog","d2",57,"t19",6.75,20,4.25,9.25,34.25,20,21.35,7,-0.55918,1.13784,-0.89902
653,1,"02/07/2013","dog","d2",57,"t23",47.5,52.5,18.75,17.5,28.75,1.5,21.35,7,-0.97761,-0.99616,0.68532
654,1,"02/07/2013","dog","d2",57,"t21",42.5,40,13,7.25,6.75,2,21.35,7,0.65101,-0.38493,0.60084
655,1,"02/07/2013","dog","d2",28,"t26",13.75,75,16.25,21.25,22.5,0.5,21.35,7,-0.89022,-1.63079,-1.18049
656,0,"02/07/2013","dog","d2",28,"t21",42.5,40,13,7.25,6.75,2,21.35,7,0.65101,-0.38493,0.60084
657,1,"02/07/2013","dog","d2",28,"t23",47.5,52.5,18.75,17.5,28.75,1.5,21.35,7,-0.97761,-0.99616,0.68532
658,1,"02/07/2013","dog","d2",28,"t17",6.25,68.75,5.75,5.25,5.5,15,21.35,7,1.21681,-0.39014,-1.67783
659,1,"02/07/2013","dog","d2",28,"t28",20.75,41.25,19.75,0.5,4.25,10.5,21.35,7,1.00253,-0.2229,-0.55238
660,0,"02/07/2013","dog","d2",28,"t19",6.75,20,4.25,9.25,34.25,20,21.35,7,-0.55918,1.13784,-0.89902
661,0,"02/07/2013","dog","d2",28,"t30",62.5,24.25,16.75,0,0,8.75,21.35,7,1.30814,0.36418,1.53829
662,1,"02/07/2013","dog","d2",105,"t26",13.75,75,16.25,21.25,22.5,0.5,21.35,7,-0.89022,-1.63079,-1.18049
663,1,"02/07/2013","dog","d2",105,"t30",62.5,24.25,16.75,0,0,8.75,21.35,7,1.30814,0.36418,1.53829
664,1,"02/07/2013","dog","d2",105,"t32",18.25,27,13.5,1.25,5,47.5,21.35,7,1.11215,2.31924,-1.44372
665,1,"02/07/2013","dog","d2",105,"t28",20.75,41.25,19.75,0.5,4.25,10.5,21.35,7,1.00253,-0.2229,-0.55238
666,1,"02/07/2013","dog","d2",45,"t21",42.5,40,13,7.25,6.75,2,21.35,7,0.65101,-0.38493,0.60084
667,1,"02/07/2013","dog","d2",45,"t19",6.75,20,4.25,9.25,34.25,20,21.35,7,-0.55918,1.13784,-0.89902
668,1,"02/07/2013","dog","d2",45,"t26",13.75,75,16.25,21.25,22.5,0.5,21.35,7,-0.89022,-1.63079,-1.18049
669,1,"02/07/2013","dog","d2",45,"t17",6.25,68.75,5.75,5.25,5.5,15,21.35,7,1.21681,-0.39014,-1.67783
670,1,"02/07/2013","dog","d2",45,"t28",20.75,41.25,19.75,0.5,4.25,10.5,21.35,7,1.00253,-0.2229,-0.55238
671,1,"02/07/2013","dog","d2",45,"t23",47.5,52.5,18.75,17.5,28.75,1.5,21.35,7,-0.97761,-0.99616,0.68532
672,1,"02/07/2013","dog","d2",45,"t30",62.5,24.25,16.75,0,0,8.75,21.35,7,1.30814,0.36418,1.53829
673,0,"16/07/2013","human","h2",36.5,"t24",47.5,51.25,9.25,7.75,23.75,3,23.22,18,0.2047,-0.64293,0.81415
674,0,"16/07/2013","human","h2",36.5,"t24",47.5,51.25,9.25,7.75,23.75,3,23.22,18,0.2047,-0.64293,0.81415
675,0,"16/07/2013","human","h2",36.5,"t21",42.5,40,13,7.25,6.75,2,23.22,18,0.65101,-0.38493,0.60084
676,0,"16/07/2013","human","h2",36.5,"t20",13.25,21.25,9,21.25,6.75,17.5,23.22,18,-0.50766,1.09824,-1.04203
677,0,"16/07/2013","human","h2",42.5,"t21",42.5,40,13,7.25,6.75,2,23.22,18,0.65101,-0.38493,0.60084
678,0,"16/07/2013","human","h2",42.5,"t20",13.25,21.25,9,21.25,6.75,17.5,23.22,18,-0.50766,1.09824,-1.04203
679,1,"16/07/2013","human","h2",45,"t20",13.25,21.25,9,21.25,6.75,17.5,23.22,18,-0.50766,1.09824,-1.04203
680,0,"16/07/2013","human","h2",45,"t21",42.5,40,13,7.25,6.75,2,23.22,18,0.65101,-0.38493,0.60084
681,0,"16/07/2013","human","h2",36.5,"t22",60,52.5,10.5,16.5,37.5,0.75,23.22,18,-0.94647,-0.8439,1.39535
682,1,"16/07/2013","human","h2",42.5,"t22",60,52.5,10.5,16.5,37.5,0.75,23.22,18,-0.94647,-0.8439,1.39535
683,0,"16/07/2013","human","h2",45,"t22",60,52.5,10.5,16.5,37.5,0.75,23.22,18,-0.94647,-0.8439,1.39535
684,0,"16/07/2013","human","h2",36.5,"t27",4.5,68.75,17.5,6,1.25,8.75,23.22,18,0.94948,-1.01861,-1.69741
685,0,"16/07/2013","human","h2",45,"t27",4.5,68.75,17.5,6,1.25,8.75,23.22,18,0.94948,-1.01861,-1.69741
686,0,"16/07/2013","dog","d2",36.5,"t24",47.5,51.25,9.25,7.75,23.75,3,23.22,18,0.2047,-0.64293,0.81415
687,1,"16/07/2013","dog","d2",36.5,"t21",42.5,40,13,7.25,6.75,2,23.22,18,0.65101,-0.38493,0.60084
688,1,"16/07/2013","dog","d2",36.5,"t20",13.25,21.25,9,21.25,6.75,17.5,23.22,18,-0.50766,1.09824,-1.04203
689,0,"16/07/2013","dog","d2",36.5,"t22",60,52.5,10.5,16.5,37.5,0.75,23.22,18,-0.94647,-0.8439,1.39535
690,1,"16/07/2013","dog","d2",42.5,"t21",42.5,40,13,7.25,6.75,2,23.22,18,0.65101,-0.38493,0.60084
691,1,"16/07/2013","dog","d2",42.5,"t20",13.25,21.25,9,21.25,6.75,17.5,23.22,18,-0.50766,1.09824,-1.04203
692,1,"16/07/2013","dog","d2",45,"t22",60,52.5,10.5,16.5,37.5,0.75,23.22,18,-0.94647,-0.8439,1.39535
693,1,"16/07/2013","dog","d2",45,"t24",47.5,51.25,9.25,7.75,23.75,3,23.22,18,0.2047,-0.64293,0.81415
694,1,"16/07/2013","dog","d2",45,"t20",13.25,21.25,9,21.25,6.75,17.5,23.22,18,-0.50766,1.09824,-1.04203
695,1,"16/07/2013","dog","d2",45,"t22",60,52.5,10.5,16.5,37.5,0.75,23.22,18,-0.94647,-0.8439,1.39535
696,0,"16/07/2013","dog","d2",45,"t21",42.5,40,13,7.25,6.75,2,23.22,18,0.65101,-0.38493,0.60084
697,0,"30/07/2013","human","h2",48.5,"t34",29.5,14.5,1.25,26.25,28.75,20,22.23,14,-1.47262,1.55839,-0.13146
698,0,"30/07/2013","human","h2",48.5,"t35",12,75,5.25,13.75,4.5,3.75,22.23,14,0.67544,-1.08577,-1.34647
699,0,"30/07/2013","human","h2",48.5,"t31",32.5,31.25,21.5,15.5,39.25,0.5,22.23,14,-1.57595,-0.63486,0.46642
700,1,"30/07/2013","human","h2",48.5,"t33",6.25,29.5,28.25,11.25,32.5,12.5,22.23,14,-1.28051,-0.1695,-1.01797
701,0,"30/07/2013","human","h2",48.5,"t31",32.5,31.25,21.5,15.5,39.25,0.5,22.23,14,-1.57595,-0.63486,0.46642
702,0,"30/07/2013","human","h2",48.5,"t35",12,75,5.25,13.75,4.5,3.75,22.23,14,0.67544,-1.08577,-1.34647
703,0,"30/07/2013","human","h2",50,"t31",32.5,31.25,21.5,15.5,39.25,0.5,22.23,14,-1.57595,-0.63486,0.46642
704,1,"30/07/2013","human","h2",50,"t33",6.25,29.5,28.25,11.25,32.5,12.5,22.23,14,-1.28051,-0.1695,-1.01797
705,0,"30/07/2013","human","h2",50,"t34",29.5,14.5,1.25,26.25,28.75,20,22.23,14,-1.47262,1.55839,-0.13146
706,0,"30/07/2013","human","h2",56,"t34",29.5,14.5,1.25,26.25,28.75,20,22.23,14,-1.47262,1.55839,-0.13146
707,0,"30/07/2013","human","h2",56,"t35",12,75,5.25,13.75,4.5,3.75,22.23,14,0.67544,-1.08577,-1.34647
708,1,"30/07/2013","human","h2",56,"t33",6.25,29.5,28.25,11.25,32.5,12.5,22.23,14,-1.28051,-0.1695,-1.01797
709,1,"30/07/2013","dog","d2",48.5,"t34",29.5,14.5,1.25,26.25,28.75,20,22.23,14,-1.47262,1.55839,-0.13146
710,1,"30/07/2013","dog","d2",48.5,"t35",12,75,5.25,13.75,4.5,3.75,22.23,14,0.67544,-1.08577,-1.34647
711,1,"30/07/2013","dog","d2",48.5,"t31",32.5,31.25,21.5,15.5,39.25,0.5,22.23,14,-1.57595,-0.63486,0.46642
712,1,"30/07/2013","dog","d2",48.5,"t33",6.25,29.5,28.25,11.25,32.5,12.5,22.23,14,-1.28051,-0.1695,-1.01797
713,0,"30/07/2013","dog","d2",48.5,"t31",32.5,31.25,21.5,15.5,39.25,0.5,22.23,14,-1.57595,-0.63486,0.46642
714,1,"30/07/2013","dog","d2",48.5,"t35",12,75,5.25,13.75,4.5,3.75,22.23,14,0.67544,-1.08577,-1.34647
715,1,"30/07/2013","dog","d2",50,"t31",32.5,31.25,21.5,15.5,39.25,0.5,22.23,14,-1.57595,-0.63486,0.46642
716,1,"30/07/2013","dog","d2",50,"t33",6.25,29.5,28.25,11.25,32.5,12.5,22.23,14,-1.28051,-0.1695,-1.01797
717,0,"30/07/2013","dog","d2",50,"t34",29.5,14.5,1.25,26.25,28.75,20,22.23,14,-1.47262,1.55839,-0.13146
718,1,"30/07/2013","dog","d2",56,"t34",29.5,14.5,1.25,26.25,28.75,20,22.23,14,-1.47262,1.55839,-0.13146
719,0,"30/07/2013","dog","d2",56,"t35",12,75,5.25,13.75,4.5,3.75,22.23,14,0.67544,-1.08577,-1.34647
720,1,"30/07/2013","dog","d2",56,"t33",6.25,29.5,28.25,11.25,32.5,12.5,22.23,14,-1.28051,-0.1695,-1.01797
